,seq,construct,primer_added
0,TCGAGTTTACACTTTATGCTTCCGGCTCGTATAATGTGTGGcCTCTATCATTGATAGAGT,lacUV5_tetO1 single mutant,False
1,TCGAGTTTACACTTTATGCTTCCGGCTCGTATAATGTGTGGAaTCTATCATTGATAGAGT,lacUV5_tetO1 single mutant,False
2,TCGAGTTTACACTTTATGCTTCCGGCTCGTATAATGTGTGGACaCTATCATTGATAGAGT,lacUV5_tetO1 single mutant,False
3,TCGAGTTTACACTTTATGCTTCCGGCTCGTATAATGTGTGGACTaTATCATTGATAGAGT,lacUV5_tetO1 single mutant,False
4,TCGAGTTTACACTTTATGCTTCCGGCTCGTATAATGTGTGGACTCaATCATTGATAGAGT,lacUV5_tetO1 single mutant,False
5,TCGAGTTTACACTTTATGCTTCCGGCTCGTATAATGTGTGGACTCTcTCATTGATAGAGT,lacUV5_tetO1 single mutant,False
6,TCGAGTTTACACTTTATGCTTCCGGCTCGTATAATGTGTGGACTCTAaCATTGATAGAGT,lacUV5_tetO1 single mutant,False
7,TCGAGTTTACACTTTATGCTTCCGGCTCGTATAATGTGTGGACTCTATaATTGATAGAGT,lacUV5_tetO1 single mutant,False
8,TCGAGTTTACACTTTATGCTTCCGGCTCGTATAATGTGTGGACTCTATCcTTGATAGAGT,lacUV5_tetO1 single mutant,False
9,TCGAGTTTACACTTTATGCTTCCGGCTCGTATAATGTGTGGACTCTATCAaTGATAGAGT,lacUV5_tetO1 single mutant,False
10,TCGAGTTTACACTTTATGCTTCCGGCTCGTATAATGTGTGGACTCTATCATaGATAGAGT,lacUV5_tetO1 single mutant,False
11,TCGAGTTTACACTTTATGCTTCCGGCTCGTATAATGTGTGGACTCTATCATTaATAGAGT,lacUV5_tetO1 single mutant,False
12,TCGAGTTTACACTTTATGCTTCCGGCTCGTATAATGTGTGGACTCTATCATTGcTAGAGT,lacUV5_tetO1 single mutant,False
13,TCGAGTTTACACTTTATGCTTCCGGCTCGTATAATGTGTGGACTCTATCATTGAaAGAGT,lacUV5_tetO1 single mutant,False
14,TCGAGTTTACACTTTATGCTTCCGGCTCGTATAATGTGTGGACTCTATCATTGATcGAGT,lacUV5_tetO1 single mutant,False
15,TCGAGTTTACACTTTATGCTTCCGGCTCGTATAATGTGTGGACTCTATCATTGATAaAGT,lacUV5_tetO1 single mutant,False
16,TCGAGTTTACACTTTATGCTTCCGGCTCGTATAATGTGTGGACTCTATCATTGATAGcGT,lacUV5_tetO1 single mutant,False
17,TCGAGTTTACACTTTATGCTTCCGGCTCGTATAATGTGTGGACTCTATCATTGATAGAaT,lacUV5_tetO1 single mutant,False
18,TCGAGTTTACACTTTATGCTTCCGGCTCGTATAATGTGTGGACTCTATCATTGATAGAGa,lacUV5_tetO1 single mutant,False
19,TCGAGTTTACACTTTATGCTTCCGGCTCGTATAATGTGTGGgCTCTATCATTGATAGAGT,lacUV5_tetO1 single mutant,False
20,TCGAGTTTACACTTTATGCTTCCGGCTCGTATAATGTGTGGAgTCTATCATTGATAGAGT,lacUV5_tetO1 single mutant,False
21,TCGAGTTTACACTTTATGCTTCCGGCTCGTATAATGTGTGGACcCTATCATTGATAGAGT,lacUV5_tetO1 single mutant,False
22,TCGAGTTTACACTTTATGCTTCCGGCTCGTATAATGTGTGGACTgTATCATTGATAGAGT,lacUV5_tetO1 single mutant,False
23,TCGAGTTTACACTTTATGCTTCCGGCTCGTATAATGTGTGGACTCcATCATTGATAGAGT,lacUV5_tetO1 single mutant,False
24,TCGAGTTTACACTTTATGCTTCCGGCTCGTATAATGTGTGGACTCTgTCATTGATAGAGT,lacUV5_tetO1 single mutant,False
25,TCGAGTTTACACTTTATGCTTCCGGCTCGTATAATGTGTGGACTCTAcCATTGATAGAGT,lacUV5_tetO1 single mutant,False
26,TCGAGTTTACACTTTATGCTTCCGGCTCGTATAATGTGTGGACTCTATgATTGATAGAGT,lacUV5_tetO1 single mutant,False
27,TCGAGTTTACACTTTATGCTTCCGGCTCGTATAATGTGTGGACTCTATCgTTGATAGAGT,lacUV5_tetO1 single mutant,False
28,TCGAGTTTACACTTTATGCTTCCGGCTCGTATAATGTGTGGACTCTATCAcTGATAGAGT,lacUV5_tetO1 single mutant,False
29,TCGAGTTTACACTTTATGCTTCCGGCTCGTATAATGTGTGGACTCTATCATcGATAGAGT,lacUV5_tetO1 single mutant,False
30,TCGAGTTTACACTTTATGCTTCCGGCTCGTATAATGTGTGGACTCTATCATTcATAGAGT,lacUV5_tetO1 single mutant,False
31,TCGAGTTTACACTTTATGCTTCCGGCTCGTATAATGTGTGGACTCTATCATTGgTAGAGT,lacUV5_tetO1 single mutant,False
32,TCGAGTTTACACTTTATGCTTCCGGCTCGTATAATGTGTGGACTCTATCATTGAcAGAGT,lacUV5_tetO1 single mutant,False
33,TCGAGTTTACACTTTATGCTTCCGGCTCGTATAATGTGTGGACTCTATCATTGATgGAGT,lacUV5_tetO1 single mutant,False
34,TCGAGTTTACACTTTATGCTTCCGGCTCGTATAATGTGTGGACTCTATCATTGATAcAGT,lacUV5_tetO1 single mutant,False
35,TCGAGTTTACACTTTATGCTTCCGGCTCGTATAATGTGTGGACTCTATCATTGATAGgGT,lacUV5_tetO1 single mutant,False
36,TCGAGTTTACACTTTATGCTTCCGGCTCGTATAATGTGTGGACTCTATCATTGATAGAcT,lacUV5_tetO1 single mutant,False
37,TCGAGTTTACACTTTATGCTTCCGGCTCGTATAATGTGTGGACTCTATCATTGATAGAGc,lacUV5_tetO1 single mutant,False
38,TCGAGTTTACACTTTATGCTTCCGGCTCGTATAATGTGTGGtCTCTATCATTGATAGAGT,lacUV5_tetO1 single mutant,False
39,TCGAGTTTACACTTTATGCTTCCGGCTCGTATAATGTGTGGAtTCTATCATTGATAGAGT,lacUV5_tetO1 single mutant,False
40,TCGAGTTTACACTTTATGCTTCCGGCTCGTATAATGTGTGGACgCTATCATTGATAGAGT,lacUV5_tetO1 single mutant,False
41,TCGAGTTTACACTTTATGCTTCCGGCTCGTATAATGTGTGGACTtTATCATTGATAGAGT,lacUV5_tetO1 single mutant,False
42,TCGAGTTTACACTTTATGCTTCCGGCTCGTATAATGTGTGGACTCgATCATTGATAGAGT,lacUV5_tetO1 single mutant,False
43,TCGAGTTTACACTTTATGCTTCCGGCTCGTATAATGTGTGGACTCTtTCATTGATAGAGT,lacUV5_tetO1 single mutant,False
44,TCGAGTTTACACTTTATGCTTCCGGCTCGTATAATGTGTGGACTCTAgCATTGATAGAGT,lacUV5_tetO1 single mutant,False
45,TCGAGTTTACACTTTATGCTTCCGGCTCGTATAATGTGTGGACTCTATtATTGATAGAGT,lacUV5_tetO1 single mutant,False
46,TCGAGTTTACACTTTATGCTTCCGGCTCGTATAATGTGTGGACTCTATCtTTGATAGAGT,lacUV5_tetO1 single mutant,False
47,TCGAGTTTACACTTTATGCTTCCGGCTCGTATAATGTGTGGACTCTATCAgTGATAGAGT,lacUV5_tetO1 single mutant,False
48,TCGAGTTTACACTTTATGCTTCCGGCTCGTATAATGTGTGGACTCTATCATgGATAGAGT,lacUV5_tetO1 single mutant,False
49,TCGAGTTTACACTTTATGCTTCCGGCTCGTATAATGTGTGGACTCTATCATTtATAGAGT,lacUV5_tetO1 single mutant,False
50,TCGAGTTTACACTTTATGCTTCCGGCTCGTATAATGTGTGGACTCTATCATTGtTAGAGT,lacUV5_tetO1 single mutant,False
51,TCGAGTTTACACTTTATGCTTCCGGCTCGTATAATGTGTGGACTCTATCATTGAgAGAGT,lacUV5_tetO1 single mutant,False
52,TCGAGTTTACACTTTATGCTTCCGGCTCGTATAATGTGTGGACTCTATCATTGATtGAGT,lacUV5_tetO1 single mutant,False
53,TCGAGTTTACACTTTATGCTTCCGGCTCGTATAATGTGTGGACTCTATCATTGATAtAGT,lacUV5_tetO1 single mutant,False
54,TCGAGTTTACACTTTATGCTTCCGGCTCGTATAATGTGTGGACTCTATCATTGATAGtGT,lacUV5_tetO1 single mutant,False
55,TCGAGTTTACACTTTATGCTTCCGGCTCGTATAATGTGTGGACTCTATCATTGATAGAtT,lacUV5_tetO1 single mutant,False
56,TCGAGTTTACACTTTATGCTTCCGGCTCGTATAATGTGTGGACTCTATCATTGATAGAGg,lacUV5_tetO1 single mutant,False
57,TCGAGTTTACACTTTATGCTTCCGGCTCGTATAATGTGTGGACTCcATCATTGATtGAGT,lacUV5_tetO1 double mutant,False
58,TCGAGTTTACACTTTATGCTTCCGGCTCGTATAATGTGTGGtCTCTATCgTTGATAGAGT,lacUV5_tetO1 double mutant,False
59,TCGAGTTTACACTTTATGCTTCCGGCTCGTATAATGTGTGGtCTCTATCtTTGATAGAGT,lacUV5_tetO1 double mutant,False
60,TCGAGTTTACACTTTATGCTTCCGGCTCGTATAATGTGTGGtCTCTATCATTGATAGtGT,lacUV5_tetO1 double mutant,False
61,TCGAGTTTACACTTTATGCTTCCGGCTCGTATAATGTGTGGAaTCTATCATTGATAGAGa,lacUV5_tetO1 double mutant,False
62,TCGAGTTTACACTTTATGCTTCCGGCTCGTATAATGTGTGGACTCTAgCATTGAgAGAGT,lacUV5_tetO1 double mutant,False
63,TCGAGTTTACACTTTATGCTTCCGGCTCGTATAATGTGTGGtCTCTATCATTGATAcAGT,lacUV5_tetO1 double mutant,False
64,TCGAGTTTACACTTTATGCTTCCGGCTCGTATAATGTGTGGACTgTATCATgGATAGAGT,lacUV5_tetO1 double mutant,False
65,TCGAGTTTACACTTTATGCTTCCGGCTCGTATAATGTGTGGACTCTcTCATTGATAGcGT,lacUV5_tetO1 double mutant,False
66,TCGAGTTTACACTTTATGCTTCCGGCTCGTATAATGTGTGGACTCTcTCtTTGATAGAGT,lacUV5_tetO1 double mutant,False
67,TCGAGTTTACACTTTATGCTTCCGGCTCGTATAATGTGTGGACTCaATaATTGATAGAGT,lacUV5_tetO1 double mutant,False
68,TCGAGTTTACACTTTATGCTTCCGGCTCGTATAATGTGTGGACTCTATCATTGcTcGAGT,lacUV5_tetO1 double mutant,False
69,TCGAGTTTACACTTTATGCTTCCGGCTCGTATAATGTGTGGACTCTATCATTcATAGAGg,lacUV5_tetO1 double mutant,False
70,TCGAGTTTACACTTTATGCTTCCGGCTCGTATAATGTGTGGACTCTAaCATTGATtGAGT,lacUV5_tetO1 double mutant,False
71,TCGAGTTTACACTTTATGCTTCCGGCTCGTATAATGTGTGGACTCcATCATTGATAcAGT,lacUV5_tetO1 double mutant,False
72,TCGAGTTTACACTTTATGCTTCCGGCTCGTATAATGTGTGGACTCTATtATTtATAGAGT,lacUV5_tetO1 double mutant,False
73,TCGAGTTTACACTTTATGCTTCCGGCTCGTATAATGTGTGGACTCTATCATTGATtGAGc,lacUV5_tetO1 double mutant,False
74,TCGAGTTTACACTTTATGCTTCCGGCTCGTATAATGTGTGGACTCTATCgTgGATAGAGT,lacUV5_tetO1 double mutant,False
75,TCGAGTTTACACTTTATGCTTCCGGCTCGTATAATGTGTGGACTCTAaCATTGtTAGAGT,lacUV5_tetO1 double mutant,False
76,TCGAGTTTACACTTTATGCTTCCGGCTCGTATAATGTGTGGcCTCTATCATTGATAaAGT,lacUV5_tetO1 double mutant,False
77,TCGAGTTTACACTTTATGCTTCCGGCTCGTATAATGTGTGGACTCTATCAcTGATcGAGT,lacUV5_tetO1 double mutant,False
78,TCGAGTTTACACTTTATGCTTCCGGCTCGTATAATGTGTGGACTCTATgATTcATAGAGT,lacUV5_tetO1 double mutant,False
79,TCGAGTTTACACTTTATGCTTCCGGCTCGTATAATGTGTGGtCTCTATCATTGATAGAaT,lacUV5_tetO1 double mutant,False
80,TCGAGTTTACACTTTATGCTTCCGGCTCGTATAATGTGTGGACTtTgTCATTGATAGAGT,lacUV5_tetO1 double mutant,False
81,TCGAGTTTACACTTTATGCTTCCGGCTCGTATAATGTGTGGACTCTATCATcGATAcAGT,lacUV5_tetO1 double mutant,False
82,TCGAGTTTACACTTTATGCTTCCGGCTCGTATAATGTGTGGACaCTAgCATTGATAGAGT,lacUV5_tetO1 double mutant,False
83,TCGAGTTTACACTTTATGCTTCCGGCTCGTATAATGTGTGGACTCTATCATTGAcAaAGT,lacUV5_tetO1 double mutant,False
84,TCGAGTTTACACTTTATGCTTCCGGCTCGTATAATGTGTGGACTCcAcCATTGATAGAGT,lacUV5_tetO1 double mutant,False
85,TCGAGTTTACACTTTATGCTTCCGGCTCGTATAATGTGTGGgCTCTATCATTcATAGAGT,lacUV5_tetO1 double mutant,False
86,TCGAGTTTACACTTTATGCTTCCGGCTCGTATAATGTGTGGcCTCTATCATTGATtGAGT,lacUV5_tetO1 double mutant,False
87,TCGAGTTTACACTTTATGCTTCCGGCTCGTATAATGTGTGGACcCTATCATTGtTAGAGT,lacUV5_tetO1 double mutant,False
88,TCGAGTTTACACTTTATGCTTCCGGCTCGTATAATGTGTGGACTCTATgATcGATAGAGT,lacUV5_tetO1 double mutant,False
89,TCGAGTTTACACTTTATGCTTCCGGCTCGTATAATGTGTGGACgCTATCATTcATAGAGT,lacUV5_tetO1 double mutant,False
90,TCGAGTTTACACTTTATGCTTCCGGCTCGTATAATGTGTGGACTaTATCATTtATAGAGT,lacUV5_tetO1 double mutant,False
91,TCGAGTTTACACTTTATGCTTCCGGCTCGTATAATGTGTGGACTgTATCATTaATAGAGT,lacUV5_tetO1 double mutant,False
92,TCGAGTTTACACTTTATGCTTCCGGCTCGTATAATGTGTGGAgTCTATaATTGATAGAGT,lacUV5_tetO1 double mutant,False
93,TCGAGTTTACACTTTATGCTTCCGGCTCGTATAATGTGTGGACTCTATCgTTGATAaAGT,lacUV5_tetO1 double mutant,False
94,TCGAGTTTACACTTTATGCTTCCGGCTCGTATAATGTGTGGACTCTAgtATTGATAGAGT,lacUV5_tetO1 double mutant,False
95,TCGAGTTTACACTTTATGCTTCCGGCTCGTATAATGTGTGGACTCTATCATaGATtGAGT,lacUV5_tetO1 double mutant,False
96,TCGAGTTTACACTTTATGCTTCCGGCTCGTATAATGTGTGGtCTCTATCATaGATAGAGT,lacUV5_tetO1 double mutant,False
97,TCGAGTTTACACTTTATGCTTCCGGCTCGTATAATGTGTGGACTCTAcCATTGATAGAGa,lacUV5_tetO1 double mutant,False
98,TCGAGTTTACACTTTATGCTTCCGGCTCGTATAATGTGTGGACTCTAaCATTGAcAGAGT,lacUV5_tetO1 double mutant,False
99,TCGAGTTTACACTTTATGCTTCCGGCTCGTATAATGTGTGGACTCTATgAcTGATAGAGT,lacUV5_tetO1 double mutant,False
100,TCGAGTTTACACTTTATGCTTCCGGCTCGTATAATGTGTGGACTCTAgCATTGAcAGAGT,lacUV5_tetO1 double mutant,False
101,TCGAGTTTACACTTTATGCTTCCGGCTCGTATAATGTGTGGACaCTATCATTGATtGAGT,lacUV5_tetO1 double mutant,False
102,TCGAGTTTACACTTTATGCTTCCGGCTCGTATAATGTGTGGACTCaATCATTGAgAGAGT,lacUV5_tetO1 double mutant,False
103,TCGAGTTTACACTTTATGCTTCCGGCTCGTATAATGTGTGGAgTCTATCATTGcTAGAGT,lacUV5_tetO1 double mutant,False
104,TCGAGTTTACACTTTATGCTTCCGGCTCGTATAATGTGTGGACTCTATCATTacTAGAGT,lacUV5_tetO1 double mutant,False
105,TCGAGTTTACACTTTATGCTTCCGGCTCGTATAATGTGTGGACTaTtTCATTGATAGAGT,lacUV5_tetO1 double mutant,False
106,TCGAGTTTACACTTTATGCTTCCGGCTCGTATAATGTGTGGACTCTcTCATTGATAGAaT,lacUV5_tetO1 double mutant,False
107,TCGAGTTTACACTTTATGCTTCCGGCTCGTATAATGTGTGGACTCTATCATTGgTAGAGc,lacUV5_tetO1 double mutant,False
108,TCGAGTTTACACTTTATGCTTCCGGCTCGTATAATGTGTGGgCTCTATaATTGATAGAGT,lacUV5_tetO1 double mutant,False
109,TCGAGTTTACACTTTATGCTTCCGGCTCGTATAATGTGTGGAtTCTATCcTTGATAGAGT,lacUV5_tetO1 double mutant,False
110,TCGAGTTTACACTTTATGCTTCCGGCTCGTATAATGTGTGGACTCTAgCAaTGATAGAGT,lacUV5_tetO1 double mutant,False
111,TCGAGTTTACACTTTATGCTTCCGGCTCGTATAATGTGTGGACTCaAaCATTGATAGAGT,lacUV5_tetO1 double mutant,False
112,TCGAGTTTACACTTTATGCTTCCGGCTCGTATAATGTGTGGAgTCTATCATTGATcGAGT,lacUV5_tetO1 double mutant,False
113,TCGAGTTTACACTTTATGCTTCCGGCTCGTATAATGTGTGGACTCTATCATaGATAGAtT,lacUV5_tetO1 double mutant,False
114,TCGAGTTTACACTTTATGCTTCCGGCTCGTATAATGTGTGGACTCTATCATTGATAacGT,lacUV5_tetO1 double mutant,False
115,TCGAGTTTACACTTTATGCTTCCGGCTCGTATAATGTGTGGACTCTATCATTGATAGccT,lacUV5_tetO1 double mutant,False
116,TCGAGTTTACACTTTATGCTTCCGGCTCGTATAATGTGTGGACTaTATCATTGATAGAGg,lacUV5_tetO1 double mutant,False
117,TCGAGTTTACACTTTATGCTTCCGGCTCGTATAATGTGTGGAgTCTgTCATTGATAGAGT,lacUV5_tetO1 double mutant,False
118,TCGAGTTTACACTTTATGCTTCCGGCTCGTATAATGTGTGGACTCTATCATTGATcGtGT,lacUV5_tetO1 double mutant,False
119,TCGAGTTTACACTTTATGCTTCCGGCTCGTATAATGTGTGGACTCTATCATaGATAGAGg,lacUV5_tetO1 double mutant,False
120,TCGAGTTTACACTTTATGCTTCCGGCTCGTATAATGTGTGGACTCTATCATgGATAGAcT,lacUV5_tetO1 double mutant,False
121,TCGAGTTTACACTTTATGCTTCCGGCTCGTATAATGTGTGGACTCTATaATTaATAGAGT,lacUV5_tetO1 double mutant,False
122,TCGAGTTTACACTTTATGCTTCCGGCTCGTATAATGTGTGGACTCTAagATTGATAGAGT,lacUV5_tetO1 double mutant,False
123,TCGAGTTTACACTTTATGCTTCCGGCTCGTATAATGTGTGGAgTCTATCATTGAcAGAGT,lacUV5_tetO1 double mutant,False
124,TCGAGTTTACACTTTATGCTTCCGGCTCGTATAATGTGTGGACcCTATCATTGATAGAtT,lacUV5_tetO1 double mutant,False
125,TCGAGTTTACACTTTATGCTTCCGGCTCGTATAATGTGTGGACTCTtTCATTtATAGAGT,lacUV5_tetO1 double mutant,False
126,TCGAGTTTACACTTTATGCTTCCGGCTCGTATAATGTGTGGACTCTgTCATTGATAGAaT,lacUV5_tetO1 double mutant,False
127,TCGAGTTTACACTTTATGCTTCCGGCTCGTATAATGTGTGGACTgTATaATTGATAGAGT,lacUV5_tetO1 double mutant,False
128,TCGAGTTTACACTTTATGCTTCCGGCTCGTATAATGTGTGGACTCTgTCtTTGATAGAGT,lacUV5_tetO1 double mutant,False
129,TCGAGTTTACACTTTATGCTTCCGGCTCGTATAATGTGTGGACTCTATCATTGcTAGAtT,lacUV5_tetO1 double mutant,False
130,TCGAGTTTACACTTTATGCTTCCGGCTCGTATAATGTGTGGAtTCTATCATTtATAGAGT,lacUV5_tetO1 double mutant,False
131,TCGAGTTTACACTTTATGCTTCCGGCTCGTATAATGTGTGGACTCTAcCATTGAcAGAGT,lacUV5_tetO1 double mutant,False
132,TCGAGTTTACACTTTATGCTTCCGGCTCGTATAATGTGTGGACTCTATCAaTGATAGAcT,lacUV5_tetO1 double mutant,False
133,TCGAGTTTACACTTTATGCTTCCGGCTCGTATAATGTGTGGACTCTAcCATTGATAGAGc,lacUV5_tetO1 double mutant,False
134,TCGAGTTTACACTTTATGCTTCCGGCTCGTATAATGTGTGGACTCTATCATcaATAGAGT,lacUV5_tetO1 double mutant,False
135,TCGAGTTTACACTTTATGCTTCCGGCTCGTATAATGTGTGGACTCTATCATTcATgGAGT,lacUV5_tetO1 double mutant,False
136,TCGAGTTTACACTTTATGCTTCCGGCTCGTATAATGTGTGGACTCgAaCATTGATAGAGT,lacUV5_tetO1 double mutant,False
137,TCGAGTTTACACTTTATGCTTCCGGCTCGTATAATGTGTGGACTaTATCATTGAaAGAGT,lacUV5_tetO1 double mutant,False
138,TCGAGTTTACACTTTATGCTTCCGGCTCGTATAATGTGTGGACaCTAaCATTGATAGAGT,lacUV5_tetO1 double mutant,False
139,TCGAGTTTACACTTTATGCTTCCGGCTCGTATAATGTGTGGACTCTATCATTGATAGAcg,lacUV5_tetO1 double mutant,False
140,TCGAGTTTACACTTTATGCTTCCGGCTCGTATAATGTGTGGcgTCTATCATTGATAGAGT,lacUV5_tetO1 double mutant,False
141,TCGAGTTTACACTTTATGCTTCCGGCTCGTATAATGTGTGGACTCaATCATTGATAGAtT,lacUV5_tetO1 double mutant,False
142,TCGAGTTTACACTTTATGCTTCCGGCTCGTATAATGTGTGGACTCTATaATTGgTAGAGT,lacUV5_tetO1 double mutant,False
143,TCGAGTTTACACTTTATGCTTCCGGCTCGTATAATGTGTGGACTCTATCATTGATtaAGT,lacUV5_tetO1 double mutant,False
144,TCGAGTTTACACTTTATGCTTCCGGCTCGTATAATGTGTGGACTCTtTCATTGcTAGAGT,lacUV5_tetO1 double mutant,False
145,TCGAGTTTACACTTTATGCTTCCGGCTCGTATAATGTGTGGACTCTATCATTGAcAtAGT,lacUV5_tetO1 double mutant,False
146,TCGAGTTTACACTTTATGCTTCCGGCTCGTATAATGTGTGGACTCTATCAgTGATAGgGT,lacUV5_tetO1 double mutant,False
147,TCGAGTTTACACTTTATGCTTCCGGCTCGTATAATGTGTGGAaTCTATCATTGATAGcGT,lacUV5_tetO1 double mutant,False
148,TCGAGTTTACACTTTATGCTTCCGGCTCGTATAATGTGTGGACTCTATCATaGAaAGAGT,lacUV5_tetO1 double mutant,False
149,TCGAGTTTACACTTTATGCTTCCGGCTCGTATAATGTGTGGACTCTATCATTctTAGAGT,lacUV5_tetO1 double mutant,False
150,TCGAGTTTACACTTTATGCTTCCGGCTCGTATAATGTGTGGACTCgATCATTGATAaAGT,lacUV5_tetO1 double mutant,False
151,TCGAGTTTACACTTTATGCTTCCGGCTCGTATAATGTGTGGACTgTATCAcTGATAGAGT,lacUV5_tetO1 double mutant,False
152,TCGAGTTTACACTTTATGCTTCCGGCTCGTATAATGTGTGGACTCTATaATcGATAGAGT,lacUV5_tetO1 double mutant,False
153,TCGAGTTTACACTTTATGCTTCCGGCTCGTATAATGTGTGGACTCTATCtTTGATAcAGT,lacUV5_tetO1 double mutant,False
154,TCGAGTTTACACTTTATGCTTCCGGCTCGTATAATGTGTGGAtTCTATCATTGATAcAGT,lacUV5_tetO1 double mutant,False
155,TCGAGTTTACACTTTATGCTTCCGGCTCGTATAATGTGTGGACTCTAgCAgTGATAGAGT,lacUV5_tetO1 double mutant,False
156,TCGAGTTTACACTTTATGCTTCCGGCTCGTATAATGTGTGGACTCTATCATgGATAGAGa,lacUV5_tetO1 double mutant,False
157,TCGAGTTTACACTTTATGCTTCCGGCTCGTATAATGTGTGGACTCTATCtTTGATAGAtT,lacUV5_tetO1 double mutant,False
158,TCGAGTTTACACTTTATGCTTCCGGCTCGTATAATGTGTGGACTCTATCATTGATAaAcT,lacUV5_tetO1 double mutant,False
159,TCGAGTTTACACTTTATGCTTCCGGCTCGTATAATGTGTGGACTgTATCATTGAcAGAGT,lacUV5_tetO1 double mutant,False
160,TCGAGTTTACACTTTATGCTTCCGGCTCGTATAATGTGTGGAtTCTATCATTGgTAGAGT,lacUV5_tetO1 double mutant,False
161,TCGAGTTTACACTTTATGCTTCCGGCTCGTATAATGTGTGGACTCTATCATTGcTAGAcT,lacUV5_tetO1 double mutant,False
162,TCGAGTTTACACTTTATGCTTCCGGCTCGTATAATGTGTGGACTCTAcgATTGATAGAGT,lacUV5_tetO1 double mutant,False
163,TCGAGTTTACACTTTATGCTTCCGGCTCGTATAATGTGTGGgCTtTATCATTGATAGAGT,lacUV5_tetO1 double mutant,False
164,TCGAGTTTACACTTTATGCTTCCGGCTCGTATAATGTGTGGtCTCTATCATTGATcGAGT,lacUV5_tetO1 double mutant,False
165,TCGAGTTTACACTTTATGCTTCCGGCTCGTATAATGTGTGGACTgTcTCATTGATAGAGT,lacUV5_tetO1 double mutant,False
166,TCGAGTTTACACTTTATGCTTCCGGCTCGTATAATGTGTGGAtTCTATCATTaATAGAGT,lacUV5_tetO1 double mutant,False
167,TCGAGTTTACACTTTATGCTTCCGGCTCGTATAATGTGTGGACTCTATCATaGATAcAGT,lacUV5_tetO1 double mutant,False
168,TCGAGTTTACACTTTATGCTTCCGGCTCGTATAATGTGTGGACTCTATaATTGATAGAaT,lacUV5_tetO1 double mutant,False
169,TCGAGTTTACACTTTATGCTTCCGGCTCGTATAATGTGTGGcCTCTgTCATTGATAGAGT,lacUV5_tetO1 double mutant,False
170,TCGAGTTTACACTTTATGCTTCCGGCTCGTATAATGTGTGGACaCTATCATTGATAaAGT,lacUV5_tetO1 double mutant,False
171,TCGAGTTTACACTTTATGCTTCCGGCTCGTATAATGTGTGGACTCTATCATgGAcAGAGT,lacUV5_tetO1 double mutant,False
172,TCGAGTTTACACTTTATGCTTCCGGCTCGTATAATGTGTGGACaCTATCATTGAaAGAGT,lacUV5_tetO1 double mutant,False
173,TCGAGTTTACACTTTATGCTTCCGGCTCGTATAATGTGTGGACTCTATCATaGATgGAGT,lacUV5_tetO1 double mutant,False
174,TCGAGTTTACACTTTATGCTTCCGGCTCGTATAATGTGTGGAaTCTATCATTGAgAGAGT,lacUV5_tetO1 double mutant,False
175,TCGAGTTTACACTTTATGCTTCCGGCTCGTATAATGTGTGGACTCTATCAcTGtTAGAGT,lacUV5_tetO1 double mutant,False
176,TCGAGTTTACACTTTATGCTTCCGGCTCGTATAATGTGTGGACTgTATCATTGATAGAGc,lacUV5_tetO1 double mutant,False
177,TCGAGTTTACACTTTATGCTTCCGGCTCGTATAATGTGTGGACTCTATCATcGATAGAaT,lacUV5_tetO1 double mutant,False
178,TCGAGTTTACACTTTATGCTTCCGGCTCGTATAATGTGTGGACTtTtTCATTGATAGAGT,lacUV5_tetO1 double mutant,False
179,TCGAGTTTACACTTTATGCTTCCGGCTCGTATAATGTGTGGACTCTAaCATTGATAaAGT,lacUV5_tetO1 double mutant,False
180,TCGAGTTTACACTTTATGCTTCCGGCTCGTATAATGTGTGGACTtTATCATTGgTAGAGT,lacUV5_tetO1 double mutant,False
181,TCGAGTTTACACTTTATGCTTCCGGCTCGTATAATGTGTGGACgCTATCATTGATAGAGg,lacUV5_tetO1 double mutant,False
182,TCGAGTTTACACTTTATGCTTCCGGCTCGTATAATGTGTGGACaCTATCATTaATAGAGT,lacUV5_tetO1 double mutant,False
183,TCGAGTTTACACTTTATGCTTCCGGCTCGTATAATGTGTGGACTCTgTCATTtATAGAGT,lacUV5_tetO1 double mutant,False
184,TCGAGTTTACACTTTATGCTTCCGGCTCGTATAATGTGTGGACTCTATCAgTGATgGAGT,lacUV5_tetO1 double mutant,False
185,TCGAGTTTACACTTTATGCTTCCGGCTCGTATAATGTGTGGACTtTATCATTGATAGAaT,lacUV5_tetO1 double mutant,False
186,TCGAGTTTACACTTTATGCTTCCGGCTCGTATAATGTGTGGACTCaATCtTTGATAGAGT,lacUV5_tetO1 double mutant,False
187,TCGAGTTTACACTTTATGCTTCCGGCTCGTATAATGTGTGGACcCTATCcTTGATAGAGT,lacUV5_tetO1 double mutant,False
188,TCGAGTTTACACTTTATGCTTCCGGCTCGTATAATGTGTGGACTCTATCAcgGATAGAGT,lacUV5_tetO1 double mutant,False
189,TCGAGTTTACACTTTATGCTTCCGGCTCGTATAATGTGTGGtCTCTATCATTGATtGAGT,lacUV5_tetO1 double mutant,False
190,TCGAGTTTACACTTTATGCTTCCGGCTCGTATAATGTGTGGACggTATCATTGATAGAGT,lacUV5_tetO1 double mutant,False
191,TCGAGTTTACACTTTATGCTTCCGGCTCGTATAATGTGTGGACTCTATCATTaATAGAaT,lacUV5_tetO1 double mutant,False
192,TCGAGTTTACACTTTATGCTTCCGGCTCGTATAATGTGTGGACTCTATCATTGAggGAGT,lacUV5_tetO1 double mutant,False
193,TCGAGTTTACACTTTATGCTTCCGGCTCGTATAATGTGTGGACTCTcTCATTGATAGtGT,lacUV5_tetO1 double mutant,False
194,TCGAGTTTACACTTTATGCTTCCGGCTCGTATAATGTGTGGACTCTgTCATTaATAGAGT,lacUV5_tetO1 double mutant,False
195,TCGAGTTTACACTTTATGCTTCCGGCTCGTATAATGTGTGGACcCTgTCATTGATAGAGT,lacUV5_tetO1 double mutant,False
196,TCGAGTTTACACTTTATGCTTCCGGCTCGTATAATGTGTGGACTaTATCATTGATAGAGc,lacUV5_tetO1 double mutant,False
197,TCGAGTTTACACTTTATGCTTCCGGCTCGTATAATGTGTGGACTCTATCAaTtATAGAGT,lacUV5_tetO1 double mutant,False
198,TCGAGTTTACACTTTATGCTTCCGGCTCGTATAATGTGTGGACTCTgTCATTGcTAGAGT,lacUV5_tetO1 double mutant,False
199,TCGAGTTTACACTTTATGCTTCCGGCTCGTATAATGTGTGGACgCTATCATTGATAGAaT,lacUV5_tetO1 double mutant,False
200,TCGAGTTTACACTTTATGCTTCCGGCTCGTATAATGTGTGGACTCTAcCcTTGATAGAGT,lacUV5_tetO1 double mutant,False
201,TCGAGTTTACACTTTATGCTTCCGGCTCGTATAATGTGTGGACTCTATCATTGATAaAaT,lacUV5_tetO1 double mutant,False
202,TCGAGTTTACACTTTATGCTTCCGGCTCGTATAATGTGTGGACTCTATCcTTGATcGAGT,lacUV5_tetO1 double mutant,False
203,TCGAGTTTACACTTTATGCTTCCGGCTCGTATAATGTGTGGACTCTAgCATTGATAGAcT,lacUV5_tetO1 double mutant,False
204,TCGAGTTTACACTTTATGCTTCCGGCTCGTATAATGTGTGGACcCcATCATTGATAGAGT,lacUV5_tetO1 double mutant,False
205,TCGAGTTTACACTTTATGCTTCCGGCTCGTATAATGTGTGGACTCTATCtTTGATAGgGT,lacUV5_tetO1 double mutant,False
206,TCGAGTTTACACTTTATGCTTCCGGCTCGTATAATGTGTGGAgTCTATCATTGATAaAGT,lacUV5_tetO1 double mutant,False
207,TCGAGTTTACACTTTATGCTTCCGGCTCGTATAATGTGTGGACTCTtTCATaGATAGAGT,lacUV5_tetO1 double mutant,False
208,TCGAGTTTACACTTTATGCTTCCGGCTCGTATAATGTGTGGACTCTATCATaGATAGAGa,lacUV5_tetO1 double mutant,False
209,TCGAGTTTACACTTTATGCTTCCGGCTCGTATAATGTGTGGACTCaATCATTcATAGAGT,lacUV5_tetO1 double mutant,False
210,TCGAGTTTACACTTTATGCTTCCGGCTCGTATAATGTGTGGACTCcATCATTGAcAGAGT,lacUV5_tetO1 double mutant,False
211,TCGAGTTTACACTTTATGCTTCCGGCTCGTATAATGTGTGGACTaTATCATTGAcAGAGT,lacUV5_tetO1 double mutant,False
212,TCGAGTTTACACTTTATGCTTCCGGCTCGTATAATGTGTGGACTCTATCATTcAgAGAGT,lacUV5_tetO1 double mutant,False
213,TCGAGTTTACACTTTATGCTTCCGGCTCGTATAATGTGTGGAtTCTATCAgTGATAGAGT,lacUV5_tetO1 double mutant,False
214,TCGAGTTTACACTTTATGCTTCCGGCTCGTATAATGTGTGGACTCTATCATTGATcGAGc,lacUV5_tetO1 double mutant,False
215,TCGAGTTTACACTTTATGCTTCCGGCTCGTATAATGTGTGGACTCTATttTTGATAGAGT,lacUV5_tetO1 double mutant,False
216,TCGAGTTTACACTTTATGCTTCCGGCTCGTATAATGTGTGGACgaTATCATTGATAGAGT,lacUV5_tetO1 double mutant,False
217,TCGAGTTTACACTTTATGCTTCCGGCTCGTATAATGTGTGGACTtTATCATTGATAGAGa,lacUV5_tetO1 double mutant,False
218,TCGAGTTTACACTTTATGCTTCCGGCTCGTATAATGTGTGGACTCTATCATTGATAGtcT,lacUV5_tetO1 double mutant,False
219,TCGAGTTTACACTTTATGCTTCCGGCTCGTATAATGTGTGGACTCTcTaATTGATAGAGT,lacUV5_tetO1 double mutant,False
220,TCGAGTTTACACTTTATGCTTCCGGCTCGTATAATGTGTGGcCTCTATCAaTGATAGAGT,lacUV5_tetO1 double mutant,False
221,TCGAGTTTACACTTTATGCTTCCGGCTCGTATAATGTGTGGcCTCTATCATTtATAGAGT,lacUV5_tetO1 double mutant,False
222,TCGAGTTTACACTTTATGCTTCCGGCTCGTATAATGTGTGGcCTCTtTCATTGATAGAGT,lacUV5_tetO1 double mutant,False
223,TCGAGTTTACACTTTATGCTTCCGGCTCGTATAATGTGTGGAgTCTATCATTtATAGAGT,lacUV5_tetO1 double mutant,False
224,TCGAGTTTACACTTTATGCTTCCGGCTCGTATAATGTGTGGgCTCTATCATTaATAGAGT,lacUV5_tetO1 double mutant,False
225,TCGAGTTTACACTTTATGCTTCCGGCTCGTATAATGTGTGGcCTCTATCATTGATAGAGa,lacUV5_tetO1 double mutant,False
226,TCGAGTTTACACTTTATGCTTCCGGCTCGTATAATGTGTGGACTCTATgATaGATAGAGT,lacUV5_tetO1 double mutant,False
227,TCGAGTTTACACTTTATGCTTCCGGCTCGTATAATGTGTGGAtgCTATCATTGATAGAGT,lacUV5_tetO1 double mutant,False
228,TCGAGTTTACACTTTATGCTTCCGGCTCGTATAATGTGTGGAaTCTATCATTGATgGAGT,lacUV5_tetO1 double mutant,False
229,TCGAGTTTACACTTTATGCTTCCGGCTCGTATAATGTGTGGACTtcATCATTGATAGAGT,lacUV5_tetO1 double mutant,False
230,TCGAGTTTACACTTTATGCTTCCGGCTCGTATAATGTGTGGACTCTATgATTGATAGAGa,lacUV5_tetO1 double mutant,False
231,TCGAGTTTACACTTTATGCTTCCGGCTCGTATAATGTGTGGACaCTATCATTGATAGAGg,lacUV5_tetO1 double mutant,False
232,TCGAGTTTACACTTTATGCTTCCGGCTCGTATAATGTGTGGACTCTATCATTGtTAGAGa,lacUV5_tetO1 double mutant,False
233,TCGAGTTTACACTTTATGCTTCCGGCTCGTATAATGTGTGGtCTCTATCATTGATAtAGT,lacUV5_tetO1 double mutant,False
234,TCGAGTTTACACTTTATGCTTCCGGCTCGTATAATGTGTGGAaTCTATCATTGtTAGAGT,lacUV5_tetO1 double mutant,False
235,TCGAGTTTACACTTTATGCTTCCGGCTCGTATAATGTGTGGAgTCTATCATTGATAGAGa,lacUV5_tetO1 double mutant,False
236,TCGAGTTTACACTTTATGCTTCCGGCTCGTATAATGTGTGGACTCTATtATTGAcAGAGT,lacUV5_tetO1 double mutant,False
237,TCGAGTTTACACTTTATGCTTCCGGCTCGTATAATGTGTGGACTCTATCtTTGATAGAGg,lacUV5_tetO1 double mutant,False
238,TCGAGTTTACACTTTATGCTTCCGGCTCGTATAATGTGTGGACTCTATCcTTGATAGtGT,lacUV5_tetO1 double mutant,False
239,TCGAGTTTACACTTTATGCTTCCGGCTCGTATAATGTGTGGACTaTATCATcGATAGAGT,lacUV5_tetO1 double mutant,False
240,TCGAGTTTACACTTTATGCTTCCGGCTCGTATAATGTGTGGACTCTATCcTTtATAGAGT,lacUV5_tetO1 double mutant,False
241,TCGAGTTTACACTTTATGCTTCCGGCTCGTATAATGTGTGGAtTCTATCAcTGATAGAGT,lacUV5_tetO1 double mutant,False
242,TCGAGTTTACACTTTATGCTTCCGGCTCGTATAATGTGTGGACTtTcTCATTGATAGAGT,lacUV5_tetO1 double mutant,False
243,TCGAGTTTACACTTTATGCTTCCGGCTCGTATAATGTGTGGtCTCgATCATTGATAGAGT,lacUV5_tetO1 double mutant,False
244,TCGAGTTTACACTTTATGCTTCCGGCTCGTATAATGTGTGGACTCTcTtATTGATAGAGT,lacUV5_tetO1 double mutant,False
245,TCGAGTTTACACTTTATGCTTCCGGCTCGTATAATGTGTGGACTaTATCATTGcTAGAGT,lacUV5_tetO1 double mutant,False
246,TCGAGTTTACACTTTATGCTTCCGGCTCGTATAATGTGTGGACTCTAaCATTtATAGAGT,lacUV5_tetO1 double mutant,False
247,TCGAGTTTACACTTTATGCTTCCGGCTCGTATAATGTGTGGtCTCTAaCATTGATAGAGT,lacUV5_tetO1 double mutant,False
248,TCGAGTTTACACTTTATGCTTCCGGCTCGTATAATGTGTGGACTaTATCAcTGATAGAGT,lacUV5_tetO1 double mutant,False
249,TCGAGTTTACACTTTATGCTTCCGGCTCGTATAATGTGTGGACTCTATacTTGATAGAGT,lacUV5_tetO1 double mutant,False
250,TCGAGTTTACACTTTATGCTTCCGGCTCGTATAATGTGTGGACTCTgTtATTGATAGAGT,lacUV5_tetO1 double mutant,False
251,TCGAGTTTACACTTTATGCTTCCGGCTCGTATAATGTGTGGACTCTATCATTtAgAGAGT,lacUV5_tetO1 double mutant,False
252,TCGAGTTTACACTTTATGCTTCCGGCTCGTATAATGTGTGGACTCTATCATTGgTAGAcT,lacUV5_tetO1 double mutant,False
253,TCGAGTTTACACTTTATGCTTCCGGCTCGTATAATGTGTGGACTCaATCATTGATAGgGT,lacUV5_tetO1 double mutant,False
254,TCGAGTTTACACTTTATGCTTCCGGCTCGTATAATGTGTGGACTgTATCATTGAgAGAGT,lacUV5_tetO1 double mutant,False
255,TCGAGTTTACACTTTATGCTTCCGGCTCGTATAATGTGTGGACTCTATCATTGATAtAaT,lacUV5_tetO1 double mutant,False
256,TCGAGTTTACACTTTATGCTTCCGGCTCGTATAATGTGTGGACTCTcTCATTGATAGAGg,lacUV5_tetO1 double mutant,False
257,TCGAGTTTACACTTTATGCTTCCGGCTCGTATAATGTGTGGgCTCTATCgTTGATAGAGT,lacUV5_tetO1 double mutant,False
258,TCGAGTTTACACTTTATGCTTCCGGCTCGTATAATGTGTGGtCTCTATCATTGATAGAtT,lacUV5_tetO1 double mutant,False
259,TCGAGTTTACACTTTATGCTTCCGGCTCGTATAATGTGTGGACTCTATgATTGATAaAGT,lacUV5_tetO1 double mutant,False
260,TCGAGTTTACACTTTATGCTTCCGGCTCGTATAATGTGTGGACTCTAgCcTTGATAGAGT,lacUV5_tetO1 double mutant,False
261,TCGAGTTTACACTTTATGCTTCCGGCTCGTATAATGTGTGGACTCTATCATTGATtGgGT,lacUV5_tetO1 double mutant,False
262,TCGAGTTTACACTTTATGCTTCCGGCTCGTATAATGTGTGGAaTCTATCATcGATAGAGT,lacUV5_tetO1 double mutant,False
263,TCGAGTTTACACTTTATGCTTCCGGCTCGTATAATGTGTGGgCTCgATCATTGATAGAGT,lacUV5_tetO1 double mutant,False
264,TCGAGTTTACACTTTATGCTTCCGGCTCGTATAATGTGTGGAgaCTATCATTGATAGAGT,lacUV5_tetO1 double mutant,False
265,TCGAGTTTACACTTTATGCTTCCGGCTCGTATAATGTGTGGACTaTATCATTGATAGAcT,lacUV5_tetO1 double mutant,False
266,TCGAGTTTACACTTTATGCTTCCGGCTCGTATAATGTGTGGACTCTATaATgGATAGAGT,lacUV5_tetO1 double mutant,False
267,TCGAGTTTACACTTTATGCTTCCGGCTCGTATAATGTGTGGACTCTcTCATTGATAtAGT,lacUV5_tetO1 double mutant,False
268,TCGAGTTTACACTTTATGCTTCCGGCTCGTATAATGTGTGGACTCTATCAacGATAGAGT,lacUV5_tetO1 double mutant,False
269,TCGAGTTTACACTTTATGCTTCCGGCTCGTATAATGTGTGGACTCTATCATcGATgGAGT,lacUV5_tetO1 double mutant,False
270,TCGAGTTTACACTTTATGCTTCCGGCTCGTATAATGTGTGGACTCTATCAgTGATtGAGT,lacUV5_tetO1 double mutant,False
271,TCGAGTTTACACTTTATGCTTCCGGCTCGTATAATGTGTGGtCTCTATCATTGgTAGAGT,lacUV5_tetO1 double mutant,False
272,TCGAGTTTACACTTTATGCTTCCGGCTCGTATAATGTGTGGACTCTATCATTGAaAGAtT,lacUV5_tetO1 double mutant,False
273,TCGAGTTTACACTTTATGCTTCCGGCTCGTATAATGTGTGGACTCaATCATTGAcAGAGT,lacUV5_tetO1 double mutant,False
274,TCGAGTTTACACTTTATGCTTCCGGCTCGTATAATGTGTGGACTCgATCAgTGATAGAGT,lacUV5_tetO1 double mutant,False
275,TCGAGTTTACACTTTATGCTTCCGGCTCGTATAATGTGTGGAgTCTATCATTGATAGAGg,lacUV5_tetO1 double mutant,False
276,TCGAGTTTACACTTTATGCTTCCGGCTCGTATAATGTGTGGACTaTATCAgTGATAGAGT,lacUV5_tetO1 double mutant,False
277,TCGAGTTTACACTTTATGCTTCCGGCTCGTATAATGTGTGGAtTCTATCATcGATAGAGT,lacUV5_tetO1 double mutant,False
278,TCGAGTTTACACTTTATGCTTCCGGCTCGTATAATGTGTGGACTCTATCggTGATAGAGT,lacUV5_tetO1 double mutant,False
279,TCGAGTTTACACTTTATGCTTCCGGCTCGTATAATGTGTGGAgTCTATCATTGtTAGAGT,lacUV5_tetO1 double mutant,False
280,TCGAGTTTACACTTTATGCTTCCGGCTCGTATAATGTGTGGACTCTATggTTGATAGAGT,lacUV5_tetO1 double mutant,False
281,TCGAGTTTACACTTTATGCTTCCGGCTCGTATAATGTGTGGACcCTATCATTGATgGAGT,lacUV5_tetO1 double mutant,False
282,TCGAGTTTACACTTTATGCTTCCGGCTCGTATAATGTGTGGACTCgATCATcGATAGAGT,lacUV5_tetO1 double mutant,False
283,TCGAGTTTACACTTTATGCTTCCGGCTCGTATAATGTGTGGACaCTATCcTTGATAGAGT,lacUV5_tetO1 double mutant,False
284,TCGAGTTTACACTTTATGCTTCCGGCTCGTATAATGTGTGGACTCTATCcTTGATAGAGg,lacUV5_tetO1 double mutant,False
285,TCGAGTTTACACTTTATGCTTCCGGCTCGTATAATGTGTGGACTCTtTCATTcATAGAGT,lacUV5_tetO1 double mutant,False
286,TCGAGTTTACACTTTATGCTTCCGGCTCGTATAATGTGTGGgCTCTATCATTGATAGAGg,lacUV5_tetO1 double mutant,False
287,TCGAGTTTACACTTTATGCTTCCGGCTCGTATAATGTGTGGACTCTATatTTGATAGAGT,lacUV5_tetO1 double mutant,False
288,TCGAGTTTACACTTTATGCTTCCGGCTCGTATAATGTGTGGACTCTATCATctATAGAGT,lacUV5_tetO1 double mutant,False
289,TCGAGTTTACACTTTATGCTTCCGGCTCGTATAATGTGTGGACTCcATtATTGATAGAGT,lacUV5_tetO1 double mutant,False
290,TCGAGTTTACACTTTATGCTTCCGGCTCGTATAATGTGTGGAtTaTATCATTGATAGAGT,lacUV5_tetO1 double mutant,False
291,TCGAGTTTACACTTTATGCTTCCGGCTCGTATAATGTGTGGACTCTATCAgTGcTAGAGT,lacUV5_tetO1 double mutant,False
292,TCGAGTTTACACTTTATGCTTCCGGCTCGTATAATGTGTGGAaTCTATCATTGATAtAGT,lacUV5_tetO1 double mutant,False
293,TCGAGTTTACACTTTATGCTTCCGGCTCGTATAATGTGTGGACTCgATCATTtATAGAGT,lacUV5_tetO1 double mutant,False
294,TCGAGTTTACACTTTATGCTTCCGGCTCGTATAATGTGTGGACTCTAaCgTTGATAGAGT,lacUV5_tetO1 double mutant,False
295,TCGAGTTTACACTTTATGCTTCCGGCTCGTATAATGTGTGGACTCTATCATTGtTcGAGT,lacUV5_tetO1 double mutant,False
296,TCGAGTTTACACTTTATGCTTCCGGCTCGTATAATGTGTGGACTCTATCATTGAagGAGT,lacUV5_tetO1 double mutant,False
297,TCGAGTTTACACTTTATGCTTCCGGCTCGTATAATGTGTGGACTCTtTCATTGATAGAGa,lacUV5_tetO1 double mutant,False
298,TCGAGTTTACACTTTATGCTTCCGGCTCGTATAATGTGTGGcCTCTATCATTGgTAGAGT,lacUV5_tetO1 double mutant,False
299,TCGAGTTTACACTTTATGCTTCCGGCTCGTATAATGTGTGGAaaCTATCATTGATAGAGT,lacUV5_tetO1 double mutant,False
300,TCGAGTTTACACTTTATGCTTCCGGCTCGTATAATGTGTGGACTCTATCATTGATtGtGT,lacUV5_tetO1 double mutant,False
301,TCGAGTTTACACTTTATGCTTCCGGCTCGTATAATGTGTGGgCTCTATCATTGATAGAaT,lacUV5_tetO1 double mutant,False
302,TCGAGTTTACACTTTATGCTTCCGGCTCGTATAATGTGTGGACTCTATCAgaGATAGAGT,lacUV5_tetO1 double mutant,False
303,TCGAGTTTACACTTTATGCTTCCGGCTCGTATAATGTGTGGACTCTATCATTGATAaAGg,lacUV5_tetO1 double mutant,False
304,TCGAGTTTACACTTTATGCTTCCGGCTCGTATAATGTGTGGACcCTATCATcGATAGAGT,lacUV5_tetO1 double mutant,False
305,TCGAGTTTACACTTTATGCTTCCGGCTCGTATAATGTGTGGgCcCTATCATTGATAGAGT,lacUV5_tetO1 double mutant,False
306,TCGAGTTTACACTTTATGCTTCCGGCTCGTATAATGTGTGGACTCTATCATcGAcAGAGT,lacUV5_tetO1 double mutant,False
307,TCGAGTTTACACTTTATGCTTCCGGCTCGTATAATGTGTGGAaTCTgTCATTGATAGAGT,lacUV5_tetO1 double mutant,False
308,TCGAGTTTACACTTTATGCTTCCGGCTCGTATAATGTGTGGACTCTATCgTaGATAGAGT,lacUV5_tetO1 double mutant,False
309,TCGAGTTTACACTTTATGCTTCCGGCTCGTATAATGTGTGGACTCTATCATTGATAGgtT,lacUV5_tetO1 double mutant,False
310,TCGAGTTTACACTTTATGCTTCCGGCTCGTATAATGTGTGGACTCgATCATTGATcGAGT,lacUV5_tetO1 double mutant,False
311,TCGAGTTTACACTTTATGCTTCCGGCTCGTATAATGTGTGGtCTCTATCATTGcTAGAGT,lacUV5_tetO1 double mutant,False
312,TCGAGTTTACACTTTATGCTTCCGGCTCGTATAATGTGTGGACgCTcTCATTGATAGAGT,lacUV5_tetO1 double mutant,False
313,TCGAGTTTACACTTTATGCTTCCGGCTCGTATAATGTGTGGACTCTATgATTGATtGAGT,lacUV5_tetO1 double mutant,False
314,TCGAGTTTACACTTTATGCTTCCGGCTCGTATAATGTGTGGACaCTATCATTGATAGAGc,lacUV5_tetO1 double mutant,False
315,TCGAGTTTACACTTTATGCTTCCGGCTCGTATAATGTGTGGACTCTATCATTtATtGAGT,lacUV5_tetO1 double mutant,False
316,TCGAGTTTACACTTTATGCTTCCGGCTCGTATAATGTGTGGtCTCTATCcTTGATAGAGT,lacUV5_tetO1 double mutant,False
317,TCGAGTTTACACTTTATGCTTCCGGCTCGTATAATGTGTGGACaCTtTCATTGATAGAGT,lacUV5_tetO1 double mutant,False
318,TCGAGTTTACACTTTATGCTTCCGGCTCGTATAATGTGTGGAaTaTATCATTGATAGAGT,lacUV5_tetO1 double mutant,False
319,TCGAGTTTACACTTTATGCTTCCGGCTCGTATAATGTGTGGggTCTATCATTGATAGAGT,lacUV5_tetO1 double mutant,False
320,TCGAGTTTACACTTTATGCTTCCGGCTCGTATAATGTGTGGACTagATCATTGATAGAGT,lacUV5_tetO1 double mutant,False
321,TCGAGTTTACACTTTATGCTTCCGGCTCGTATAATGTGTGGACTCTcTCATTGATcGAGT,lacUV5_tetO1 double mutant,False
322,TCGAGTTTACACTTTATGCTTCCGGCTCGTATAATGTGTGGACTCTATCATTGcTtGAGT,lacUV5_tetO1 double mutant,False
323,TCGAGTTTACACTTTATGCTTCCGGCTCGTATAATGTGTGGACTCgATCATTGgTAGAGT,lacUV5_tetO1 double mutant,False
324,TCGAGTTTACACTTTATGCTTCCGGCTCGTATAATGTGTGGACTgTAgCATTGATAGAGT,lacUV5_tetO1 double mutant,False
325,TCGAGTTTACACTTTATGCTTCCGGCTCGTATAATGTGTGGACTCTATCgTTGAgAGAGT,lacUV5_tetO1 double mutant,False
326,TCGAGTTTACACTTTATGCTTCCGGCTCGTATAATGTGTGGACTtTAgCATTGATAGAGT,lacUV5_tetO1 double mutant,False
327,TCGAGTTTACACTTTATGCTTCCGGCTCGTATAATGTGTGGACTCTATCATTGATtGAGg,lacUV5_tetO1 double mutant,False
328,TCGAGTTTACACTTTATGCTTCCGGCTCGTATAATGTGTGGACTCaATCATTaATAGAGT,lacUV5_tetO1 double mutant,False
329,TCGAGTTTACACTTTATGCTTCCGGCTCGTATAATGTGTGGACTCgATtATTGATAGAGT,lacUV5_tetO1 double mutant,False
330,TCGAGTTTACACTTTATGCTTCCGGCTCGTATAATGTGTGGcCcCTATCATTGATAGAGT,lacUV5_tetO1 double mutant,False
331,TCGAGTTTACACTTTATGCTTCCGGCTCGTATAATGTGTGGACTCTATCtTTGATAGtGT,lacUV5_tetO1 double mutant,False
332,TCGAGTTTACACTTTATGCTTCCGGCTCGTATAATGTGTGGACTCTATaATTGATAGgGT,lacUV5_tetO1 double mutant,False
333,TCGAGTTTACACTTTATGCTTCCGGCTCGTATAATGTGTGGACTaTAaCATTGATAGAGT,lacUV5_tetO1 double mutant,False
334,TCGAGTTTACACTTTATGCTTCCGGCTCGTATAATGTGTGGAgTCTATCATTGATAtAGT,lacUV5_tetO1 double mutant,False
335,TCGAGTTTACACTTTATGCTTCCGGCTCGTATAATGTGTGGACTCTgTCATTGATcGAGT,lacUV5_tetO1 double mutant,False
336,TCGAGTTTACACTTTATGCTTCCGGCTCGTATAATGTGTGGACTCTAgCATTGATAGtGT,lacUV5_tetO1 double mutant,False
337,TCGAGTTTACACTTTATGCTTCCGGCTCGTATAATGTGTGGcCTCTATCtTTGATAGAGT,lacUV5_tetO1 double mutant,False
338,TCGAGTTTACACTTTATGCTTCCGGCTCGTATAATGTGTGGACTCTATCATTtcTAGAGT,lacUV5_tetO1 double mutant,False
339,TCGAGTTTACACTTTATGCTTCCGGCTCGTATAATGTGTGGACTCTATgAaTGATAGAGT,lacUV5_tetO1 double mutant,False
340,TCGAGTTTACACTTTATGCTTCCGGCTCGTATAATGTGTGGACTCaATCATTtATAGAGT,lacUV5_tetO1 double mutant,False
341,TCGAGTTTACACTTTATGCTTCCGGCTCGTATAATGTGTGGACTCTATCATTtATAGAcT,lacUV5_tetO1 double mutant,False
342,TCGAGTTTACACTTTATGCTTCCGGCTCGTATAATGTGTGGAgTCTATCATTGATAGAaT,lacUV5_tetO1 double mutant,False
343,TCGAGTTTACACTTTATGCTTCCGGCTCGTATAATGTGTGGACTCTATCATTGATAGgGg,lacUV5_tetO1 double mutant,False
344,TCGAGTTTACACTTTATGCTTCCGGCTCGTATAATGTGTGGACTCTATCtTTGgTAGAGT,lacUV5_tetO1 double mutant,False
345,TCGAGTTTACACTTTATGCTTCCGGCTCGTATAATGTGTGGACTCTATCATTaAgAGAGT,lacUV5_tetO1 double mutant,False
346,TCGAGTTTACACTTTATGCTTCCGGCTCGTATAATGTGTGGACTCgATCATTGATAGgGT,lacUV5_tetO1 double mutant,False
347,TCGAGTTTACACTTTATGCTTCCGGCTCGTATAATGTGTGGtCTCTcTCATTGATAGAGT,lacUV5_tetO1 double mutant,False
348,TCGAGTTTACACTTTATGCTTCCGGCTCGTATAATGTGTGGcCTCTATCcTTGATAGAGT,lacUV5_tetO1 double mutant,False
349,TCGAGTTTACACTTTATGCTTCCGGCTCGTATAATGTGTGGACTgTATCATTGATAGAaT,lacUV5_tetO1 double mutant,False
350,TCGAGTTTACACTTTATGCTTCCGGCTCGTATAATGTGTGGACTCTgTCATcGATAGAGT,lacUV5_tetO1 double mutant,False
351,TCGAGTTTACACTTTATGCTTCCGGCTCGTATAATGTGTGGACcCTATCATTGATAGAGa,lacUV5_tetO1 double mutant,False
352,TCGAGTTTACACTTTATGCTTCCGGCTCGTATAATGTGTGGAaTCTATCATTGATcGAGT,lacUV5_tetO1 double mutant,False
353,TCGAGTTTACACTTTATGCTTCCGGCTCGTATAATGTGTGGAgTCTATCATTGgTAGAGT,lacUV5_tetO1 double mutant,False
354,TCGAGTTTACACTTTATGCTTCCGGCTCGTATAATGTGTGGACTCTATCATTGgTAGAGa,lacUV5_tetO1 double mutant,False
355,TCGAGTTTACACTTTATGCTTCCGGCTCGTATAATGTGTGGcCTCTATCATTaATAGAGT,lacUV5_tetO1 double mutant,False
356,TCGAGTTTACACTTTATGCTTCCGGCTCGTATAATGTGTGGACTCTATCATTGcaAGAGT,lacUV5_tetO1 double mutant,False
357,TCGAGTTTACACTTTATGCTTCCGGCTCGTATAATGTGTGGgCTCTAaCATTGATAGAGT,lacUV5_tetO1 double mutant,False
358,TCGAGTTTACACTTTATGCTTCCGGCTCGTATAATGTGTGGACgCTtTCATTGATAGAGT,lacUV5_tetO1 double mutant,False
359,TCGAGTTTACACTTTATGCTTCCGGCTCGTATAATGTGTGGACTCTATCATTGtTgGAGT,lacUV5_tetO1 double mutant,False
360,TCGAGTTTACACTTTATGCTTCCGGCTCGTATAATGTGTGGACTCTcTCATTGcTAGAGT,lacUV5_tetO1 double mutant,False
361,TCGAGTTTACACTTTATGCTTCCGGCTCGTATAATGTGTGGACTgTATtATTGATAGAGT,lacUV5_tetO1 double mutant,False
362,TCGAGTTTACACTTTATGCTTCCGGCTCGTATAATGTGTGGACcCTATtATTGATAGAGT,lacUV5_tetO1 double mutant,False
363,TCGAGTTTACACTTTATGCTTCCGGCTCGTATAATGTGTGGtCTCTATCATTGAcAGAGT,lacUV5_tetO1 double mutant,False
364,TCGAGTTTACACTTTATGCTTCCGGCTCGTATAATGTGTGGACTCTATgATTtATAGAGT,lacUV5_tetO1 double mutant,False
365,TCGAGTTTACACTTTATGCTTCCGGCTCGTATAATGTGTGGACTCTATaATTGcTAGAGT,lacUV5_tetO1 double mutant,False
366,TCGAGTTTACACTTTATGCTTCCGGCTCGTATAATGTGTGGACTCTATCATTaATAGgGT,lacUV5_tetO1 double mutant,False
367,TCGAGTTTACACTTTATGCTTCCGGCTCGTATAATGTGTGGcCTCTATCATTGAgAGAGT,lacUV5_tetO1 double mutant,False
368,TCGAGTTTACACTTTATGCTTCCGGCTCGTATAATGTGTGGACTCTATCtTTGATAGcGT,lacUV5_tetO1 double mutant,False
369,TCGAGTTTACACTTTATGCTTCCGGCTCGTATAATGTGTGGAtTCTATCATTGATAGAGc,lacUV5_tetO1 double mutant,False
370,TCGAGTTTACACTTTATGCTTCCGGCTCGTATAATGTGTGGACTCgATCATTGATAGcGT,lacUV5_tetO1 double mutant,False
371,TCGAGTTTACACTTTATGCTTCCGGCTCGTATAATGTGTGGAtTCTATCATTGATAGAcT,lacUV5_tetO1 double mutant,False
372,TCGAGTTTACACTTTATGCTTCCGGCTCGTATAATGTGTGGtCcCTATCATTGATAGAGT,lacUV5_tetO1 double mutant,False
373,TCGAGTTTACACTTTATGCTTCCGGCTCGTATAATGTGTGGACgCTATCgTTGATAGAGT,lacUV5_tetO1 double mutant,False
374,TCGAGTTTACACTTTATGCTTCCGGCTCGTATAATGTGTGGACTCTtTgATTGATAGAGT,lacUV5_tetO1 double mutant,False
375,TCGAGTTTACACTTTATGCTTCCGGCTCGTATAATGTGTGGACTCTATCATTGATcGgGT,lacUV5_tetO1 double mutant,False
376,TCGAGTTTACACTTTATGCTTCCGGCTCGTATAATGTGTGGACTCaATCATTGATtGAGT,lacUV5_tetO1 double mutant,False
377,TCGAGTTTACACTTTATGCTTCCGGCTCGTATAATGTGTGGACTCTATCgTTGATAGAGa,lacUV5_tetO1 double mutant,False
378,TCGAGTTTACACTTTATGCTTCCGGCTCGTATAATGTGTGGACTCcATaATTGATAGAGT,lacUV5_tetO1 double mutant,False
379,TCGAGTTTACACTTTATGCTTCCGGCTCGTATAATGTGTGGgCTCTATtATTGATAGAGT,lacUV5_tetO1 double mutant,False
380,TCGAGTTTACACTTTATGCTTCCGGCTCGTATAATGTGTGGACTCTATCccTGATAGAGT,lacUV5_tetO1 double mutant,False
381,TCGAGTTTACACTTTATGCTTCCGGCTCGTATAATGTGTGGACgCTATCATTGATcGAGT,lacUV5_tetO1 double mutant,False
382,TCGAGTTTACACTTTATGCTTCCGGCTCGTATAATGTGTGGACTCTATCcTTGAcAGAGT,lacUV5_tetO1 double mutant,False
383,TCGAGTTTACACTTTATGCTTCCGGCTCGTATAATGTGTGGACTtTATCAcTGATAGAGT,lacUV5_tetO1 double mutant,False
384,TCGAGTTTACACTTTATGCTTCCGGCTCGTATAATGTGTGGAaTCTATCcTTGATAGAGT,lacUV5_tetO1 double mutant,False
385,TCGAGTTTACACTTTATGCTTCCGGCTCGTATAATGTGTGGACTCTAcCATTGATAcAGT,lacUV5_tetO1 double mutant,False
386,TCGAGTTTACACTTTATGCTTCCGGCTCGTATAATGTGTGGACgCTATCATTGATAGAtT,lacUV5_tetO1 double mutant,False
387,TCGAGTTTACACTTTATGCTTCCGGCTCGTATAATGTGTGGACaCTATCATcGATAGAGT,lacUV5_tetO1 double mutant,False
388,TCGAGTTTACACTTTATGCTTCCGGCTCGTATAATGTGTGGACTtTATCATTGATAGAtT,lacUV5_tetO1 double mutant,False
389,TCGAGTTTACACTTTATGCTTCCGGCTCGTATAATGTGTGGACTCTATCATaGgTAGAGT,lacUV5_tetO1 double mutant,False
390,TCGAGTTTACACTTTATGCTTCCGGCTCGTATAATGTGTGGtCTCTATCAcTGATAGAGT,lacUV5_tetO1 double mutant,False
391,TCGAGTTTACACTTTATGCTTCCGGCTCGTATAATGTGTGGACTCTATaATTGATAGAGa,lacUV5_tetO1 double mutant,False
392,TCGAGTTTACACTTTATGCTTCCGGCTCGTATAATGTGTGGAgTaTATCATTGATAGAGT,lacUV5_tetO1 double mutant,False
393,TCGAGTTTACACTTTATGCTTCCGGCTCGTATAATGTGTGGACTCTgTCATTGATAGAcT,lacUV5_tetO1 double mutant,False
394,TCGAGTTTACACTTTATGCTTCCGGCTCGTATAATGTGTGGACTCTATaATTGATAGtGT,lacUV5_tetO1 double mutant,False
395,TCGAGTTTACACTTTATGCTTCCGGCTCGTATAATGTGTGGACTCTATCATTGAgAGAtT,lacUV5_tetO1 double mutant,False
396,TCGAGTTTACACTTTATGCTTCCGGCTCGTATAATGTGTGGcCTCTATgATTGATAGAGT,lacUV5_tetO1 double mutant,False
397,TCGAGTTTACACTTTATGCTTCCGGCTCGTATAATGTGTGGACTgTATCATTGATAGAGa,lacUV5_tetO1 double mutant,False
398,TCGAGTTTACACTTTATGCTTCCGGCTCGTATAATGTGTGGACTCTATCATcGATAGAGc,lacUV5_tetO1 double mutant,False
399,TCGAGTTTACACTTTATGCTTCCGGCTCGTATAATGTGTGGAaTCaATCATTGATAGAGT,lacUV5_tetO1 double mutant,False
400,TCGAGTTTACACTTTATGCTTCCGGCTCGTATAATGTGTGGACTCTATCATgGATAtAGT,lacUV5_tetO1 double mutant,False
401,TCGAGTTTACACTTTATGCTTCCGGCTCGTATAATGTGTGGACTCTATCAcTGATgGAGT,lacUV5_tetO1 double mutant,False
402,TCGAGTTTACACTTTATGCTTCCGGCTCGTATAATGTGTGGACTCTATCATTGtTAGAGg,lacUV5_tetO1 double mutant,False
403,TCGAGTTTACACTTTATGCTTCCGGCTCGTATAATGTGTGGACTtTATtATTGATAGAGT,lacUV5_tetO1 double mutant,False
404,TCGAGTTTACACTTTATGCTTCCGGCTCGTATAATGTGTGGACTCTATCAaTGATcGAGT,lacUV5_tetO1 double mutant,False
405,TCGAGTTTACACTTTATGCTTCCGGCTCGTATAATGTGTGGACTgTATCATTGATAGAGg,lacUV5_tetO1 double mutant,False
406,TCGAGTTTACACTTTATGCTTCCGGCTCGTATAATGTGTGGACTCTATCtTTGATgGAGT,lacUV5_tetO1 double mutant,False
407,TCGAGTTTACACTTTATGCTTCCGGCTCGTATAATGTGTGGgCTCTATCAgTGATAGAGT,lacUV5_tetO1 double mutant,False
408,TCGAGTTTACACTTTATGCTTCCGGCTCGTATAATGTGTGGACTCTATtATTGAgAGAGT,lacUV5_tetO1 double mutant,False
409,TCGAGTTTACACTTTATGCTTCCGGCTCGTATAATGTGTGGACTgTATCgTTGATAGAGT,lacUV5_tetO1 double mutant,False
410,TCGAGTTTACACTTTATGCTTCCGGCTCGTATAATGTGTGGAtTCTATaATTGATAGAGT,lacUV5_tetO1 double mutant,False
411,TCGAGTTTACACTTTATGCTTCCGGCTCGTATAATGTGTGGACTCTATCATTaATgGAGT,lacUV5_tetO1 double mutant,False
412,TCGAGTTTACACTTTATGCTTCCGGCTCGTATAATGTGTGGACTCTATCATcGAgAGAGT,lacUV5_tetO1 double mutant,False
413,TCGAGTTTACACTTTATGCTTCCGGCTCGTATAATGTGTGGAgTCcATCATTGATAGAGT,lacUV5_tetO1 double mutant,False
414,TCGAGTTTACACTTTATGCTTCCGGCTCGTATAATGTGTGGACTCTgTCATTGATAGcGT,lacUV5_tetO1 double mutant,False
415,TCGAGTTTACACTTTATGCTTCCGGCTCGTATAATGTGTGGACTCTAgCATTGATgGAGT,lacUV5_tetO1 double mutant,False
416,TCGAGTTTACACTTTATGCTTCCGGCTCGTATAATGTGTGGcCTCTATCAcTGATAGAGT,lacUV5_tetO1 double mutant,False
417,TCGAGTTTACACTTTATGCTTCCGGCTCGTATAATGTGTGGACTgTATCATcGATAGAGT,lacUV5_tetO1 double mutant,False
418,TCGAGTTTACACTTTATGCTTCCGGCTCGTATAATGTGTGGACTCTATCATTGATAtcGT,lacUV5_tetO1 double mutant,False
419,TCGAGTTTACACTTTATGCTTCCGGCTCGTATAATGTGTGGACTCTATCtcTGATAGAGT,lacUV5_tetO1 double mutant,False
420,TCGAGTTTACACTTTATGCTTCCGGCTCGTATAATGTGTGGACTgTATCATTGAaAGAGT,lacUV5_tetO1 double mutant,False
421,TCGAGTTTACACTTTATGCTTCCGGCTCGTATAATGTGTGGcCTaTATCATTGATAGAGT,lacUV5_tetO1 double mutant,False
422,TCGAGTTTACACTTTATGCTTCCGGCTCGTATAATGTGTGGACTCgATCATTGcTAGAGT,lacUV5_tetO1 double mutant,False
423,TCGAGTTTACACTTTATGCTTCCGGCTCGTATAATGTGTGGACTCTcTCAcTGATAGAGT,lacUV5_tetO1 double mutant,False
424,TCGAGTTTACACTTTATGCTTCCGGCTCGTATAATGTGTGGACTCTATgAgTGATAGAGT,lacUV5_tetO1 double mutant,False
425,TCGAGTTTACACTTTATGCTTCCGGCTCGTATAATGTGTGGACTCTATCcTgGATAGAGT,lacUV5_tetO1 double mutant,False
426,TCGAGTTTACACTTTATGCTTCCGGCTCGTATAATGTGTGGAtTCTATCATTGATAGAGg,lacUV5_tetO1 double mutant,False
427,TCGAGTTTACACTTTATGCTTCCGGCTCGTATAATGTGTGGACTCTATCcTTGATAGAtT,lacUV5_tetO1 double mutant,False
428,TCGAGTTTACACTTTATGCTTCCGGCTCGTATAATGTGTGGACTCcATCATTGATAGAcT,lacUV5_tetO1 double mutant,False
429,TCGAGTTTACACTTTATGCTTCCGGCTCGTATAATGTGTGGACaCTATCATaGATAGAGT,lacUV5_tetO1 double mutant,False
430,TCGAGTTTACACTTTATGCTTCCGGCTCGTATAATGTGTGGACTCTATCgTTtATAGAGT,lacUV5_tetO1 double mutant,False
431,TCGAGTTTACACTTTATGCTTCCGGCTCGTATAATGTGTGGgCTCTATCcTTGATAGAGT,lacUV5_tetO1 double mutant,False
432,TCGAGTTTACACTTTATGCTTCCGGCTCGTATAATGTGTGGACTCTcTCATTGAcAGAGT,lacUV5_tetO1 double mutant,False
433,TCGAGTTTACACTTTATGCTTCCGGCTCGTATAATGTGTGGgCTCTATCATTGtTAGAGT,lacUV5_tetO1 double mutant,False
434,TCGAGTTTACACTTTATGCTTCCGGCTCGTATAATGTGTGGACTCcAgCATTGATAGAGT,lacUV5_tetO1 double mutant,False
435,TCGAGTTTACACTTTATGCTTCCGGCTCGTATAATGTGTGGACTCTgTCATTGATAGAGa,lacUV5_tetO1 double mutant,False
436,TCGAGTTTACACTTTATGCTTCCGGCTCGTATAATGTGTGGACTCTtTtATTGATAGAGT,lacUV5_tetO1 double mutant,False
437,TCGAGTTTACACTTTATGCTTCCGGCTCGTATAATGTGTGGACTCTAaCATTGATAGAaT,lacUV5_tetO1 double mutant,False
438,TCGAGTTTACACTTTATGCTTCCGGCTCGTATAATGTGTGGtCTCTATCAgTGATAGAGT,lacUV5_tetO1 double mutant,False
439,TCGAGTTTACACTTTATGCTTCCGGCTCGTATAATGTGTGGACcCTATCATTGATAGgGT,lacUV5_tetO1 double mutant,False
440,TCGAGTTTACACTTTATGCTTCCGGCTCGTATAATGTGTGGcCTCTATCATTGATAGAGg,lacUV5_tetO1 double mutant,False
441,TCGAGTTTACACTTTATGCTTCCGGCTCGTATAATGTGTGGACTCTtTCATTGATAGtGT,lacUV5_tetO1 double mutant,False
442,TCGAGTTTACACTTTATGCTTCCGGCTCGTATAATGTGTGGACTCTATCAcTGATAaAGT,lacUV5_tetO1 double mutant,False
443,TCGAGTTTACACTTTATGCTTCCGGCTCGTATAATGTGTGGACTCTATCAaTGAgAGAGT,lacUV5_tetO1 double mutant,False
444,TCGAGTTTACACTTTATGCTTCCGGCTCGTATAATGTGTGGgCTCTATCATTGATAGgGT,lacUV5_tetO1 double mutant,False
445,TCGAGTTTACACTTTATGCTTCCGGCTCGTATAATGTGTGGAgTCTcTCATTGATAGAGT,lacUV5_tetO1 double mutant,False
446,TCGAGTTTACACTTTATGCTTCCGGCTCGTATAATGTGTGGcCTCTATCATTGATcGAGT,lacUV5_tetO1 double mutant,False
447,TCGAGTTTACACTTTATGCTTCCGGCTCGTATAATGTGTGGAaTCTATCATTGATtGAGT,lacUV5_tetO1 double mutant,False
448,TCGAGTTTACACTTTATGCTTCCGGCTCGTATAATGTGTGGACTCTATCAaTGgTAGAGT,lacUV5_tetO1 double mutant,False
449,TCGAGTTTACACTTTATGCTTCCGGCTCGTATAATGTGTGGACTCTgTCAcTGATAGAGT,lacUV5_tetO1 double mutant,False
450,TCGAGTTTACACTTTATGCTTCCGGCTCGTATAATGTGTGGACTCTATCATTGATtGAcT,lacUV5_tetO1 double mutant,False
451,TCGAGTTTACACTTTATGCTTCCGGCTCGTATAATGTGTGGgCTCTATCATTGATAGAcT,lacUV5_tetO1 double mutant,False
452,TCGAGTTTACACTTTATGCTTCCGGCTCGTATAATGTGTGGACTCTAaCATTGATcGAGT,lacUV5_tetO1 double mutant,False
453,TCGAGTTTACACTTTATGCTTCCGGCTCGTATAATGTGTGGACTtTATCgTTGATAGAGT,lacUV5_tetO1 double mutant,False
454,TCGAGTTTACACTTTATGCTTCCGGCTCGTATAATGTGTGGACTCTATCATcGtTAGAGT,lacUV5_tetO1 double mutant,False
455,TCGAGTTTACACTTTATGCTTCCGGCTCGTATAATGTGTGGAgTCTAaCATTGATAGAGT,lacUV5_tetO1 double mutant,False
456,TCGAGTTTACACTTTATGCTTCCGGCTCGTATAATGTGTGGACTCTAgCATTaATAGAGT,lacUV5_tetO1 double mutant,False
457,TCGAGTTTACACTTTATGCTTCCGGCTCGTATAATGTGTGGcCTCTATCATTGATAGAGT,lacUV5_tetO2 single mutant,False
458,TCGAGTTTACACTTTATGCTTCCGGCTCGTATAATGTGTGGAaTCTATCATTGATAGAGT,lacUV5_tetO2 single mutant,False
459,TCGAGTTTACACTTTATGCTTCCGGCTCGTATAATGTGTGGACaCTATCATTGATAGAGT,lacUV5_tetO2 single mutant,False
460,TCGAGTTTACACTTTATGCTTCCGGCTCGTATAATGTGTGGACTaTATCATTGATAGAGT,lacUV5_tetO2 single mutant,False
461,TCGAGTTTACACTTTATGCTTCCGGCTCGTATAATGTGTGGACTCaATCATTGATAGAGT,lacUV5_tetO2 single mutant,False
462,TCGAGTTTACACTTTATGCTTCCGGCTCGTATAATGTGTGGACTCTcTCATTGATAGAGT,lacUV5_tetO2 single mutant,False
463,TCGAGTTTACACTTTATGCTTCCGGCTCGTATAATGTGTGGACTCTAaCATTGATAGAGT,lacUV5_tetO2 single mutant,False
464,TCGAGTTTACACTTTATGCTTCCGGCTCGTATAATGTGTGGACTCTATaATTGATAGAGT,lacUV5_tetO2 single mutant,False
465,TCGAGTTTACACTTTATGCTTCCGGCTCGTATAATGTGTGGACTCTATCcTTGATAGAGT,lacUV5_tetO2 single mutant,False
466,TCGAGTTTACACTTTATGCTTCCGGCTCGTATAATGTGTGGACTCTATCAaTGATAGAGT,lacUV5_tetO2 single mutant,False
467,TCGAGTTTACACTTTATGCTTCCGGCTCGTATAATGTGTGGACTCTATCATaGATAGAGT,lacUV5_tetO2 single mutant,False
468,TCGAGTTTACACTTTATGCTTCCGGCTCGTATAATGTGTGGACTCTATCATTaATAGAGT,lacUV5_tetO2 single mutant,False
469,TCGAGTTTACACTTTATGCTTCCGGCTCGTATAATGTGTGGACTCTATCATTGcTAGAGT,lacUV5_tetO2 single mutant,False
470,TCGAGTTTACACTTTATGCTTCCGGCTCGTATAATGTGTGGACTCTATCATTGAaAGAGT,lacUV5_tetO2 single mutant,False
471,TCGAGTTTACACTTTATGCTTCCGGCTCGTATAATGTGTGGACTCTATCATTGATcGAGT,lacUV5_tetO2 single mutant,False
472,TCGAGTTTACACTTTATGCTTCCGGCTCGTATAATGTGTGGACTCTATCATTGATAaAGT,lacUV5_tetO2 single mutant,False
473,TCGAGTTTACACTTTATGCTTCCGGCTCGTATAATGTGTGGACTCTATCATTGATAGcGT,lacUV5_tetO2 single mutant,False
474,TCGAGTTTACACTTTATGCTTCCGGCTCGTATAATGTGTGGACTCTATCATTGATAGAaT,lacUV5_tetO2 single mutant,False
475,TCGAGTTTACACTTTATGCTTCCGGCTCGTATAATGTGTGGACTCTATCATTGATAGAGa,lacUV5_tetO2 single mutant,False
476,TCGAGTTTACACTTTATGCTTCCGGCTCGTATAATGTGTGGgCTCTATCATTGATAGAGT,lacUV5_tetO2 single mutant,False
477,TCGAGTTTACACTTTATGCTTCCGGCTCGTATAATGTGTGGAgTCTATCATTGATAGAGT,lacUV5_tetO2 single mutant,False
478,TCGAGTTTACACTTTATGCTTCCGGCTCGTATAATGTGTGGACcCTATCATTGATAGAGT,lacUV5_tetO2 single mutant,False
479,TCGAGTTTACACTTTATGCTTCCGGCTCGTATAATGTGTGGACTgTATCATTGATAGAGT,lacUV5_tetO2 single mutant,False
480,TCGAGTTTACACTTTATGCTTCCGGCTCGTATAATGTGTGGACTCcATCATTGATAGAGT,lacUV5_tetO2 single mutant,False
481,TCGAGTTTACACTTTATGCTTCCGGCTCGTATAATGTGTGGACTCTgTCATTGATAGAGT,lacUV5_tetO2 single mutant,False
482,TCGAGTTTACACTTTATGCTTCCGGCTCGTATAATGTGTGGACTCTAcCATTGATAGAGT,lacUV5_tetO2 single mutant,False
483,TCGAGTTTACACTTTATGCTTCCGGCTCGTATAATGTGTGGACTCTATgATTGATAGAGT,lacUV5_tetO2 single mutant,False
484,TCGAGTTTACACTTTATGCTTCCGGCTCGTATAATGTGTGGACTCTATCgTTGATAGAGT,lacUV5_tetO2 single mutant,False
485,TCGAGTTTACACTTTATGCTTCCGGCTCGTATAATGTGTGGACTCTATCAcTGATAGAGT,lacUV5_tetO2 single mutant,False
486,TCGAGTTTACACTTTATGCTTCCGGCTCGTATAATGTGTGGACTCTATCATcGATAGAGT,lacUV5_tetO2 single mutant,False
487,TCGAGTTTACACTTTATGCTTCCGGCTCGTATAATGTGTGGACTCTATCATTcATAGAGT,lacUV5_tetO2 single mutant,False
488,TCGAGTTTACACTTTATGCTTCCGGCTCGTATAATGTGTGGACTCTATCATTGgTAGAGT,lacUV5_tetO2 single mutant,False
489,TCGAGTTTACACTTTATGCTTCCGGCTCGTATAATGTGTGGACTCTATCATTGAcAGAGT,lacUV5_tetO2 single mutant,False
490,TCGAGTTTACACTTTATGCTTCCGGCTCGTATAATGTGTGGACTCTATCATTGATgGAGT,lacUV5_tetO2 single mutant,False
491,TCGAGTTTACACTTTATGCTTCCGGCTCGTATAATGTGTGGACTCTATCATTGATAcAGT,lacUV5_tetO2 single mutant,False
492,TCGAGTTTACACTTTATGCTTCCGGCTCGTATAATGTGTGGACTCTATCATTGATAGgGT,lacUV5_tetO2 single mutant,False
493,TCGAGTTTACACTTTATGCTTCCGGCTCGTATAATGTGTGGACTCTATCATTGATAGAcT,lacUV5_tetO2 single mutant,False
494,TCGAGTTTACACTTTATGCTTCCGGCTCGTATAATGTGTGGACTCTATCATTGATAGAGc,lacUV5_tetO2 single mutant,False
495,TCGAGTTTACACTTTATGCTTCCGGCTCGTATAATGTGTGGtCTCTATCATTGATAGAGT,lacUV5_tetO2 single mutant,False
496,TCGAGTTTACACTTTATGCTTCCGGCTCGTATAATGTGTGGAtTCTATCATTGATAGAGT,lacUV5_tetO2 single mutant,False
497,TCGAGTTTACACTTTATGCTTCCGGCTCGTATAATGTGTGGACgCTATCATTGATAGAGT,lacUV5_tetO2 single mutant,False
498,TCGAGTTTACACTTTATGCTTCCGGCTCGTATAATGTGTGGACTtTATCATTGATAGAGT,lacUV5_tetO2 single mutant,False
499,TCGAGTTTACACTTTATGCTTCCGGCTCGTATAATGTGTGGACTCgATCATTGATAGAGT,lacUV5_tetO2 single mutant,False
500,TCGAGTTTACACTTTATGCTTCCGGCTCGTATAATGTGTGGACTCTtTCATTGATAGAGT,lacUV5_tetO2 single mutant,False
501,TCGAGTTTACACTTTATGCTTCCGGCTCGTATAATGTGTGGACTCTAgCATTGATAGAGT,lacUV5_tetO2 single mutant,False
502,TCGAGTTTACACTTTATGCTTCCGGCTCGTATAATGTGTGGACTCTATtATTGATAGAGT,lacUV5_tetO2 single mutant,False
503,TCGAGTTTACACTTTATGCTTCCGGCTCGTATAATGTGTGGACTCTATCtTTGATAGAGT,lacUV5_tetO2 single mutant,False
504,TCGAGTTTACACTTTATGCTTCCGGCTCGTATAATGTGTGGACTCTATCAgTGATAGAGT,lacUV5_tetO2 single mutant,False
505,TCGAGTTTACACTTTATGCTTCCGGCTCGTATAATGTGTGGACTCTATCATgGATAGAGT,lacUV5_tetO2 single mutant,False
506,TCGAGTTTACACTTTATGCTTCCGGCTCGTATAATGTGTGGACTCTATCATTtATAGAGT,lacUV5_tetO2 single mutant,False
507,TCGAGTTTACACTTTATGCTTCCGGCTCGTATAATGTGTGGACTCTATCATTGtTAGAGT,lacUV5_tetO2 single mutant,False
508,TCGAGTTTACACTTTATGCTTCCGGCTCGTATAATGTGTGGACTCTATCATTGAgAGAGT,lacUV5_tetO2 single mutant,False
509,TCGAGTTTACACTTTATGCTTCCGGCTCGTATAATGTGTGGACTCTATCATTGATtGAGT,lacUV5_tetO2 single mutant,False
510,TCGAGTTTACACTTTATGCTTCCGGCTCGTATAATGTGTGGACTCTATCATTGATAtAGT,lacUV5_tetO2 single mutant,False
511,TCGAGTTTACACTTTATGCTTCCGGCTCGTATAATGTGTGGACTCTATCATTGATAGtGT,lacUV5_tetO2 single mutant,False
512,TCGAGTTTACACTTTATGCTTCCGGCTCGTATAATGTGTGGACTCTATCATTGATAGAtT,lacUV5_tetO2 single mutant,False
513,TCGAGTTTACACTTTATGCTTCCGGCTCGTATAATGTGTGGACTCTATCATTGATAGAGg,lacUV5_tetO2 single mutant,False
514,TCGAGTTTACACTTTATGCTTCCGGCTCGTATAATGTGTGGTCCaTATCAGTGATAGtGA,lacUV5_tetO2 double mutant,False
515,TCGAGTTTACACTTTATGCTTCCGGCTCGTATAATGTGTGGTCCCTATCcGTGATAGtGA,lacUV5_tetO2 double mutant,False
516,TCGAGTTTACACTTTATGCTTCCGGCTCGTATAATGTGTGGTCCCTATggGTGATAGAGA,lacUV5_tetO2 double mutant,False
517,TCGAGTTTACACTTTATGCTTCCGGCTCGTATAATGTGTGGTCCCTATCAGTaATAGAtA,lacUV5_tetO2 double mutant,False
518,TCGAGTTTACACTTTATGCTTCCGGCTCGTATAATGTGTGGTCCCTATCAGTacTAGAGA,lacUV5_tetO2 double mutant,False
519,TCGAGTTTACACTTTATGCTTCCGGCTCGTATAATGTGTGGTCCgTATCAGTGATAGgGA,lacUV5_tetO2 double mutant,False
520,TCGAGTTTACACTTTATGCTTCCGGCTCGTATAATGTGTGGTCCCTAcCAGTGgTAGAGA,lacUV5_tetO2 double mutant,False
521,TCGAGTTTACACTTTATGCTTCCGGCTCGTATAATGTGTGGTgCCTAaCAGTGATAGAGA,lacUV5_tetO2 double mutant,False
522,TCGAGTTTACACTTTATGCTTCCGGCTCGTATAATGTGTGGTCCaTATCAGgGATAGAGA,lacUV5_tetO2 double mutant,False
523,TCGAGTTTACACTTTATGCTTCCGGCTCGTATAATGTGTGGTCCtTATCAtTGATAGAGA,lacUV5_tetO2 double mutant,False
524,TCGAGTTTACACTTTATGCTTCCGGCTCGTATAATGTGTGGTCCCTgTCAGTGATgGAGA,lacUV5_tetO2 double mutant,False
525,TCGAGTTTACACTTTATGCTTCCGGCTCGTATAATGTGTGGTCCtTATtAGTGATAGAGA,lacUV5_tetO2 double mutant,False
526,TCGAGTTTACACTTTATGCTTCCGGCTCGTATAATGTGTGGTCgCTATCAGTGATgGAGA,lacUV5_tetO2 double mutant,False
527,TCGAGTTTACACTTTATGCTTCCGGCTCGTATAATGTGTGGTCCCTATCAGTGATAGgcA,lacUV5_tetO2 double mutant,False
528,TCGAGTTTACACTTTATGCTTCCGGCTCGTATAATGTGTGGTCCCTATCAGTGATActGA,lacUV5_tetO2 double mutant,False
529,TCGAGTTTACACTTTATGCTTCCGGCTCGTATAATGTGTGGTCCCcATCAaTGATAGAGA,lacUV5_tetO2 double mutant,False
530,TCGAGTTTACACTTTATGCTTCCGGCTCGTATAATGTGTGGTCCCTATaAGTGATAGgGA,lacUV5_tetO2 double mutant,False
531,TCGAGTTTACACTTTATGCTTCCGGCTCGTATAATGTGTGGTCCCaATCAGTGATAGcGA,lacUV5_tetO2 double mutant,False
532,TCGAGTTTACACTTTATGCTTCCGGCTCGTATAATGTGTGGTCCCTtTCcGTGATAGAGA,lacUV5_tetO2 double mutant,False
533,TCGAGTTTACACTTTATGCTTCCGGCTCGTATAATGTGTGGTCCCTATCAGTtAaAGAGA,lacUV5_tetO2 double mutant,False
534,TCGAGTTTACACTTTATGCTTCCGGCTCGTATAATGTGTGGTCCCTgTCAGTGATtGAGA,lacUV5_tetO2 double mutant,False
535,TCGAGTTTACACTTTATGCTTCCGGCTCGTATAATGTGTGGTCaCTATgAGTGATAGAGA,lacUV5_tetO2 double mutant,False
536,TCGAGTTTACACTTTATGCTTCCGGCTCGTATAATGTGTGGcCCCTtTCAGTGATAGAGA,lacUV5_tetO2 double mutant,False
537,TCGAGTTTACACTTTATGCTTCCGGCTCGTATAATGTGTGGTCCtTAgCAGTGATAGAGA,lacUV5_tetO2 double mutant,False
538,TCGAGTTTACACTTTATGCTTCCGGCTCGTATAATGTGTGGTCCgTATCAGTtATAGAGA,lacUV5_tetO2 double mutant,False
539,TCGAGTTTACACTTTATGCTTCCGGCTCGTATAATGTGTGGcCtCTATCAGTGATAGAGA,lacUV5_tetO2 double mutant,False
540,TCGAGTTTACACTTTATGCTTCCGGCTCGTATAATGTGTGGTCaCTATCAaTGATAGAGA,lacUV5_tetO2 double mutant,False
541,TCGAGTTTACACTTTATGCTTCCGGCTCGTATAATGTGTGGTCCCTATCcGcGATAGAGA,lacUV5_tetO2 double mutant,False
542,TCGAGTTTACACTTTATGCTTCCGGCTCGTATAATGTGTGGaCCCTATCAGTGATcGAGA,lacUV5_tetO2 double mutant,False
543,TCGAGTTTACACTTTATGCTTCCGGCTCGTATAATGTGTGGagCCTATCAGTGATAGAGA,lacUV5_tetO2 double mutant,False
544,TCGAGTTTACACTTTATGCTTCCGGCTCGTATAATGTGTGGTCCCTAgCAGTGATAtAGA,lacUV5_tetO2 double mutant,False
545,TCGAGTTTACACTTTATGCTTCCGGCTCGTATAATGTGTGGTatCTATCAGTGATAGAGA,lacUV5_tetO2 double mutant,False
546,TCGAGTTTACACTTTATGCTTCCGGCTCGTATAATGTGTGGTCCCTATCAGgGATAGAtA,lacUV5_tetO2 double mutant,False
547,TCGAGTTTACACTTTATGCTTCCGGCTCGTATAATGTGTGGTCCaaATCAGTGATAGAGA,lacUV5_tetO2 double mutant,False
548,TCGAGTTTACACTTTATGCTTCCGGCTCGTATAATGTGTGGTCCCTATCAtTcATAGAGA,lacUV5_tetO2 double mutant,False
549,TCGAGTTTACACTTTATGCTTCCGGCTCGTATAATGTGTGGTaCCTATCAGTaATAGAGA,lacUV5_tetO2 double mutant,False
550,TCGAGTTTACACTTTATGCTTCCGGCTCGTATAATGTGTGGTCCgTATCAGTGATAaAGA,lacUV5_tetO2 double mutant,False
551,TCGAGTTTACACTTTATGCTTCCGGCTCGTATAATGTGTGGgCCCaATCAGTGATAGAGA,lacUV5_tetO2 double mutant,False
552,TCGAGTTTACACTTTATGCTTCCGGCTCGTATAATGTGTGGTCCCTATgAGcGATAGAGA,lacUV5_tetO2 double mutant,False
553,TCGAGTTTACACTTTATGCTTCCGGCTCGTATAATGTGTGGTCCCTATCAGTGATAcAtA,lacUV5_tetO2 double mutant,False
554,TCGAGTTTACACTTTATGCTTCCGGCTCGTATAATGTGTGGTCCCTATCAGccATAGAGA,lacUV5_tetO2 double mutant,False
555,TCGAGTTTACACTTTATGCTTCCGGCTCGTATAATGTGTGGTCCCTATCAaTGAaAGAGA,lacUV5_tetO2 double mutant,False
556,TCGAGTTTACACTTTATGCTTCCGGCTCGTATAATGTGTGGTCCCTATCAGTGATAGAat,lacUV5_tetO2 double mutant,False
557,TCGAGTTTACACTTTATGCTTCCGGCTCGTATAATGTGTGGTCCCTATCAtTGATtGAGA,lacUV5_tetO2 double mutant,False
558,TCGAGTTTACACTTTATGCTTCCGGCTCGTATAATGTGTGGTCCCTATCAtTtATAGAGA,lacUV5_tetO2 double mutant,False
559,TCGAGTTTACACTTTATGCTTCCGGCTCGTATAATGTGTGGTCtCTATCAGTGATAGAaA,lacUV5_tetO2 double mutant,False
560,TCGAGTTTACACTTTATGCTTCCGGCTCGTATAATGTGTGGTCCCTATCgGTGATcGAGA,lacUV5_tetO2 double mutant,False
561,TCGAGTTTACACTTTATGCTTCCGGCTCGTATAATGTGTGGTCCCTATCtGTGATAGcGA,lacUV5_tetO2 double mutant,False
562,TCGAGTTTACACTTTATGCTTCCGGCTCGTATAATGTGTGGTCCCTATCtGTGgTAGAGA,lacUV5_tetO2 double mutant,False
563,TCGAGTTTACACTTTATGCTTCCGGCTCGTATAATGTGTGGTgCCTATCcGTGATAGAGA,lacUV5_tetO2 double mutant,False
564,TCGAGTTTACACTTTATGCTTCCGGCTCGTATAATGTGTGGTCCgTATgAGTGATAGAGA,lacUV5_tetO2 double mutant,False
565,TCGAGTTTACACTTTATGCTTCCGGCTCGTATAATGTGTGGTCCCTcTCAcTGATAGAGA,lacUV5_tetO2 double mutant,False
566,TCGAGTTTACACTTTATGCTTCCGGCTCGTATAATGTGTGGTCCaTATCAGTGAcAGAGA,lacUV5_tetO2 double mutant,False
567,TCGAGTTTACACTTTATGCTTCCGGCTCGTATAATGTGTGGTCCCaATCAtTGATAGAGA,lacUV5_tetO2 double mutant,False
568,TCGAGTTTACACTTTATGCTTCCGGCTCGTATAATGTGTGGaCCCTATCAGTGATAGAcA,lacUV5_tetO2 double mutant,False
569,TCGAGTTTACACTTTATGCTTCCGGCTCGTATAATGTGTGGTCCCTATaAGTGATAGAGt,lacUV5_tetO2 double mutant,False
570,TCGAGTTTACACTTTATGCTTCCGGCTCGTATAATGTGTGGTCCCTATgAaTGATAGAGA,lacUV5_tetO2 double mutant,False
571,TCGAGTTTACACTTTATGCTTCCGGCTCGTATAATGTGTGGcCCCTATCAGTGATtGAGA,lacUV5_tetO2 double mutant,False
572,TCGAGTTTACACTTTATGCTTCCGGCTCGTATAATGTGTGGTCCCTtTCAGTGAgAGAGA,lacUV5_tetO2 double mutant,False
573,TCGAGTTTACACTTTATGCTTCCGGCTCGTATAATGTGTGGTCCCTATCAaTGATAGAGt,lacUV5_tetO2 double mutant,False
574,TCGAGTTTACACTTTATGCTTCCGGCTCGTATAATGTGTGGTCCCTATCAGTGATAcAGt,lacUV5_tetO2 double mutant,False
575,TCGAGTTTACACTTTATGCTTCCGGCTCGTATAATGTGTGGTtCCTATCAtTGATAGAGA,lacUV5_tetO2 double mutant,False
576,TCGAGTTTACACTTTATGCTTCCGGCTCGTATAATGTGTGGTCCaTATCAGTGATAGAGg,lacUV5_tetO2 double mutant,False
577,TCGAGTTTACACTTTATGCTTCCGGCTCGTATAATGTGTGGTgCCTATCAGgGATAGAGA,lacUV5_tetO2 double mutant,False
578,TCGAGTTTACACTTTATGCTTCCGGCTCGTATAATGTGTGGTgCCTATCAGTGAgAGAGA,lacUV5_tetO2 double mutant,False
579,TCGAGTTTACACTTTATGCTTCCGGCTCGTATAATGTGTGGTCCCTATCAGcaATAGAGA,lacUV5_tetO2 double mutant,False
580,TCGAGTTTACACTTTATGCTTCCGGCTCGTATAATGTGTGGTCCCggTCAGTGATAGAGA,lacUV5_tetO2 double mutant,False
581,TCGAGTTTACACTTTATGCTTCCGGCTCGTATAATGTGTGGTCCCTATCAGTGAcAGgGA,lacUV5_tetO2 double mutant,False
582,TCGAGTTTACACTTTATGCTTCCGGCTCGTATAATGTGTGGTtCCTATCtGTGATAGAGA,lacUV5_tetO2 double mutant,False
583,TCGAGTTTACACTTTATGCTTCCGGCTCGTATAATGTGTGGTCCCTATCAGaaATAGAGA,lacUV5_tetO2 double mutant,False
584,TCGAGTTTACACTTTATGCTTCCGGCTCGTATAATGTGTGGaCCCTATCAGTGATgGAGA,lacUV5_tetO2 double mutant,False
585,TCGAGTTTACACTTTATGCTTCCGGCTCGTATAATGTGTGGTCCCTAcCAGTGATAGAGt,lacUV5_tetO2 double mutant,False
586,TCGAGTTTACACTTTATGCTTCCGGCTCGTATAATGTGTGGTCCCcATCAtTGATAGAGA,lacUV5_tetO2 double mutant,False
587,TCGAGTTTACACTTTATGCTTCCGGCTCGTATAATGTGTGGcCCCTAaCAGTGATAGAGA,lacUV5_tetO2 double mutant,False
588,TCGAGTTTACACTTTATGCTTCCGGCTCGTATAATGTGTGGTCCCTcTCAGTGAaAGAGA,lacUV5_tetO2 double mutant,False
589,TCGAGTTTACACTTTATGCTTCCGGCTCGTATAATGTGTGGTCggTATCAGTGATAGAGA,lacUV5_tetO2 double mutant,False
590,TCGAGTTTACACTTTATGCTTCCGGCTCGTATAATGTGTGGTaCCTATCAGTGATAcAGA,lacUV5_tetO2 double mutant,False
591,TCGAGTTTACACTTTATGCTTCCGGCTCGTATAATGTGTGGTCCCTATCgGTGATAGAtA,lacUV5_tetO2 double mutant,False
592,TCGAGTTTACACTTTATGCTTCCGGCTCGTATAATGTGTGGTCCCTATaAtTGATAGAGA,lacUV5_tetO2 double mutant,False
593,TCGAGTTTACACTTTATGCTTCCGGCTCGTATAATGTGTGGTCCCTATCtGTGATAGAGt,lacUV5_tetO2 double mutant,False
594,TCGAGTTTACACTTTATGCTTCCGGCTCGTATAATGTGTGGTCCCTATgAGTGATcGAGA,lacUV5_tetO2 double mutant,False
595,TCGAGTTTACACTTTATGCTTCCGGCTCGTATAATGTGTGGTCCtcATCAGTGATAGAGA,lacUV5_tetO2 double mutant,False
596,TCGAGTTTACACTTTATGCTTCCGGCTCGTATAATGTGTGGTCCCTgTCAGgGATAGAGA,lacUV5_tetO2 double mutant,False
597,TCGAGTTTACACTTTATGCTTCCGGCTCGTATAATGTGTGGTCCCTgTCAGTGgTAGAGA,lacUV5_tetO2 double mutant,False
598,TCGAGTTTACACTTTATGCTTCCGGCTCGTATAATGTGTGGTtCCTATaAGTGATAGAGA,lacUV5_tetO2 double mutant,False
599,TCGAGTTTACACTTTATGCTTCCGGCTCGTATAATGTGTGGTCCCTcTCAtTGATAGAGA,lacUV5_tetO2 double mutant,False
600,TCGAGTTTACACTTTATGCTTCCGGCTCGTATAATGTGTGGTCCCTAaCAGTGATAaAGA,lacUV5_tetO2 double mutant,False
601,TCGAGTTTACACTTTATGCTTCCGGCTCGTATAATGTGTGGTCCCTAcCAGTGATcGAGA,lacUV5_tetO2 double mutant,False
602,TCGAGTTTACACTTTATGCTTCCGGCTCGTATAATGTGTGGTCCCgATCcGTGATAGAGA,lacUV5_tetO2 double mutant,False
603,TCGAGTTTACACTTTATGCTTCCGGCTCGTATAATGTGTGGTCCCTAaCAGTGATAtAGA,lacUV5_tetO2 double mutant,False
604,TCGAGTTTACACTTTATGCTTCCGGCTCGTATAATGTGTGGTCCCTATCAGTGAagGAGA,lacUV5_tetO2 double mutant,False
605,TCGAGTTTACACTTTATGCTTCCGGCTCGTATAATGTGTGGTCCaTATaAGTGATAGAGA,lacUV5_tetO2 double mutant,False
606,TCGAGTTTACACTTTATGCTTCCGGCTCGTATAATGTGTGGTCCCTATCAaTGATtGAGA,lacUV5_tetO2 double mutant,False
607,TCGAGTTTACACTTTATGCTTCCGGCTCGTATAATGTGTGGaCCCTATCAGTGtTAGAGA,lacUV5_tetO2 double mutant,False
608,TCGAGTTTACACTTTATGCTTCCGGCTCGTATAATGTGTGGTCCCTcTCcGTGATAGAGA,lacUV5_tetO2 double mutant,False
609,TCGAGTTTACACTTTATGCTTCCGGCTCGTATAATGTGTGGTCCtTATCAGTGATAaAGA,lacUV5_tetO2 double mutant,False
610,TCGAGTTTACACTTTATGCTTCCGGCTCGTATAATGTGTGGTCCCTATCAGTGATgcAGA,lacUV5_tetO2 double mutant,False
611,TCGAGTTTACACTTTATGCTTCCGGCTCGTATAATGTGTGGTCCCTATCAGTGAcAcAGA,lacUV5_tetO2 double mutant,False
612,TCGAGTTTACACTTTATGCTTCCGGCTCGTATAATGTGTGGTCCCTATCAGcGtTAGAGA,lacUV5_tetO2 double mutant,False
613,TCGAGTTTACACTTTATGCTTCCGGCTCGTATAATGTGTGGTCCCTAcCAGcGATAGAGA,lacUV5_tetO2 double mutant,False
614,TCGAGTTTACACTTTATGCTTCCGGCTCGTATAATGTGTGGTCCCcATCAGaGATAGAGA,lacUV5_tetO2 double mutant,False
615,TCGAGTTTACACTTTATGCTTCCGGCTCGTATAATGTGTGGTCCCTAaaAGTGATAGAGA,lacUV5_tetO2 double mutant,False
616,TCGAGTTTACACTTTATGCTTCCGGCTCGTATAATGTGTGGTCCCTATgAGTGATAGAaA,lacUV5_tetO2 double mutant,False
617,TCGAGTTTACACTTTATGCTTCCGGCTCGTATAATGTGTGGTaCCTATCtGTGATAGAGA,lacUV5_tetO2 double mutant,False
618,TCGAGTTTACACTTTATGCTTCCGGCTCGTATAATGTGTGGTCCCTAaCgGTGATAGAGA,lacUV5_tetO2 double mutant,False
619,TCGAGTTTACACTTTATGCTTCCGGCTCGTATAATGTGTGGTCtCTgTCAGTGATAGAGA,lacUV5_tetO2 double mutant,False
620,TCGAGTTTACACTTTATGCTTCCGGCTCGTATAATGTGTGGTaCCTATgAGTGATAGAGA,lacUV5_tetO2 double mutant,False
621,TCGAGTTTACACTTTATGCTTCCGGCTCGTATAATGTGTGGcCCCTATCAGTGATAGAGt,lacUV5_tetO2 double mutant,False
622,TCGAGTTTACACTTTATGCTTCCGGCTCGTATAATGTGTGGTCCCgATCAGTGATAGtGA,lacUV5_tetO2 double mutant,False
623,TCGAGTTTACACTTTATGCTTCCGGCTCGTATAATGTGTGGTCCCTATCtGTGATgGAGA,lacUV5_tetO2 double mutant,False
624,TCGAGTTTACACTTTATGCTTCCGGCTCGTATAATGTGTGGTtCCgATCAGTGATAGAGA,lacUV5_tetO2 double mutant,False
625,TCGAGTTTACACTTTATGCTTCCGGCTCGTATAATGTGTGGTCCCTATCtaTGATAGAGA,lacUV5_tetO2 double mutant,False
626,TCGAGTTTACACTTTATGCTTCCGGCTCGTATAATGTGTGGTCCCTATCAGTGgTAaAGA,lacUV5_tetO2 double mutant,False
627,TCGAGTTTACACTTTATGCTTCCGGCTCGTATAATGTGTGGTCCCTATCAGaGATAGAaA,lacUV5_tetO2 double mutant,False
628,TCGAGTTTACACTTTATGCTTCCGGCTCGTATAATGTGTGGTCCCTATCcGTGATAGAGt,lacUV5_tetO2 double mutant,False
629,TCGAGTTTACACTTTATGCTTCCGGCTCGTATAATGTGTGGcCCCTATCcGTGATAGAGA,lacUV5_tetO2 double mutant,False
630,TCGAGTTTACACTTTATGCTTCCGGCTCGTATAATGTGTGGaCCCTATtAGTGATAGAGA,lacUV5_tetO2 double mutant,False
631,TCGAGTTTACACTTTATGCTTCCGGCTCGTATAATGTGTGGTCCCTATCAGTcATAtAGA,lacUV5_tetO2 double mutant,False
632,TCGAGTTTACACTTTATGCTTCCGGCTCGTATAATGTGTGGTCCCTATCgGTGATAGAaA,lacUV5_tetO2 double mutant,False
633,TCGAGTTTACACTTTATGCTTCCGGCTCGTATAATGTGTGGTCtCTATaAGTGATAGAGA,lacUV5_tetO2 double mutant,False
634,TCGAGTTTACACTTTATGCTTCCGGCTCGTATAATGTGTGGTCCCTATCccTGATAGAGA,lacUV5_tetO2 double mutant,False
635,TCGAGTTTACACTTTATGCTTCCGGCTCGTATAATGTGTGGTCCCTAcCAGTGATAGAcA,lacUV5_tetO2 double mutant,False
636,TCGAGTTTACACTTTATGCTTCCGGCTCGTATAATGTGTGGTCCCTATCAGTGATAGAcc,lacUV5_tetO2 double mutant,False
637,TCGAGTTTACACTTTATGCTTCCGGCTCGTATAATGTGTGGTCCCaATCAGTGcTAGAGA,lacUV5_tetO2 double mutant,False
638,TCGAGTTTACACTTTATGCTTCCGGCTCGTATAATGTGTGGTCCCTATgAGTGcTAGAGA,lacUV5_tetO2 double mutant,False
639,TCGAGTTTACACTTTATGCTTCCGGCTCGTATAATGTGTGGTCCCTATtAGaGATAGAGA,lacUV5_tetO2 double mutant,False
640,TCGAGTTTACACTTTATGCTTCCGGCTCGTATAATGTGTGGTCtCTATCtGTGATAGAGA,lacUV5_tetO2 double mutant,False
641,TCGAGTTTACACTTTATGCTTCCGGCTCGTATAATGTGTGGTCCCTATCtGTGcTAGAGA,lacUV5_tetO2 double mutant,False
642,TCGAGTTTACACTTTATGCTTCCGGCTCGTATAATGTGTGGTaCCTATCAGTGATAGAGt,lacUV5_tetO2 double mutant,False
643,TCGAGTTTACACTTTATGCTTCCGGCTCGTATAATGTGTGGTCCCTATCAGTGATAGgGg,lacUV5_tetO2 double mutant,False
644,TCGAGTTTACACTTTATGCTTCCGGCTCGTATAATGTGTGGTCCCTATCAGTGATAaAGc,lacUV5_tetO2 double mutant,False
645,TCGAGTTTACACTTTATGCTTCCGGCTCGTATAATGTGTGGTCCtTATCcGTGATAGAGA,lacUV5_tetO2 double mutant,False
646,TCGAGTTTACACTTTATGCTTCCGGCTCGTATAATGTGTGGTCgCTATCtGTGATAGAGA,lacUV5_tetO2 double mutant,False
647,TCGAGTTTACACTTTATGCTTCCGGCTCGTATAATGTGTGGgCCCgATCAGTGATAGAGA,lacUV5_tetO2 double mutant,False
648,TCGAGTTTACACTTTATGCTTCCGGCTCGTATAATGTGTGGTCCCTATCAGTGAaAGcGA,lacUV5_tetO2 double mutant,False
649,TCGAGTTTACACTTTATGCTTCCGGCTCGTATAATGTGTGGTCCCgATCAGTGATAGAGt,lacUV5_tetO2 double mutant,False
650,TCGAGTTTACACTTTATGCTTCCGGCTCGTATAATGTGTGGTCCCTATCAGTGATgtAGA,lacUV5_tetO2 double mutant,False
651,TCGAGTTTACACTTTATGCTTCCGGCTCGTATAATGTGTGGTCCCTATCAGTcATcGAGA,lacUV5_tetO2 double mutant,False
652,TCGAGTTTACACTTTATGCTTCCGGCTCGTATAATGTGTGGgCCCTATCAGTGATAGAtA,lacUV5_tetO2 double mutant,False
653,TCGAGTTTACACTTTATGCTTCCGGCTCGTATAATGTGTGGTCCCTATCAGTGtTAaAGA,lacUV5_tetO2 double mutant,False
654,TCGAGTTTACACTTTATGCTTCCGGCTCGTATAATGTGTGGTCCCTATCAGTGtTAGAtA,lacUV5_tetO2 double mutant,False
655,TCGAGTTTACACTTTATGCTTCCGGCTCGTATAATGTGTGGTCCtTATCAGTcATAGAGA,lacUV5_tetO2 double mutant,False
656,TCGAGTTTACACTTTATGCTTCCGGCTCGTATAATGTGTGGTaCCTATCAGTcATAGAGA,lacUV5_tetO2 double mutant,False
657,TCGAGTTTACACTTTATGCTTCCGGCTCGTATAATGTGTGGTCCCTATCAtTGAgAGAGA,lacUV5_tetO2 double mutant,False
658,TCGAGTTTACACTTTATGCTTCCGGCTCGTATAATGTGTGGTCCCTATCAcTGATAcAGA,lacUV5_tetO2 double mutant,False
659,TCGAGTTTACACTTTATGCTTCCGGCTCGTATAATGTGTGGTCCCTATCAGTtAcAGAGA,lacUV5_tetO2 double mutant,False
660,TCGAGTTTACACTTTATGCTTCCGGCTCGTATAATGTGTGGTCCCTATCAGTGATAGctA,lacUV5_tetO2 double mutant,False
661,TCGAGTTTACACTTTATGCTTCCGGCTCGTATAATGTGTGGTCCCTATCAGatATAGAGA,lacUV5_tetO2 double mutant,False
662,TCGAGTTTACACTTTATGCTTCCGGCTCGTATAATGTGTGGTCCCaATaAGTGATAGAGA,lacUV5_tetO2 double mutant,False
663,TCGAGTTTACACTTTATGCTTCCGGCTCGTATAATGTGTGGTCaCaATCAGTGATAGAGA,lacUV5_tetO2 double mutant,False
664,TCGAGTTTACACTTTATGCTTCCGGCTCGTATAATGTGTGGTCCCcATCAGcGATAGAGA,lacUV5_tetO2 double mutant,False
665,TCGAGTTTACACTTTATGCTTCCGGCTCGTATAATGTGTGGTCCCTtTCAGTGATAGAcA,lacUV5_tetO2 double mutant,False
666,TCGAGTTTACACTTTATGCTTCCGGCTCGTATAATGTGTGGTCCCTATCAGTGATAtAtA,lacUV5_tetO2 double mutant,False
667,TCGAGTTTACACTTTATGCTTCCGGCTCGTATAATGTGTGGTCCCcATCAGTGATAtAGA,lacUV5_tetO2 double mutant,False
668,TCGAGTTTACACTTTATGCTTCCGGCTCGTATAATGTGTGGTCCCTATCAGTGgTAGtGA,lacUV5_tetO2 double mutant,False
669,TCGAGTTTACACTTTATGCTTCCGGCTCGTATAATGTGTGGTtCCTATgAGTGATAGAGA,lacUV5_tetO2 double mutant,False
670,TCGAGTTTACACTTTATGCTTCCGGCTCGTATAATGTGTGGgCtCTATCAGTGATAGAGA,lacUV5_tetO2 double mutant,False
671,TCGAGTTTACACTTTATGCTTCCGGCTCGTATAATGTGTGGTtCCTATCAGTGATgGAGA,lacUV5_tetO2 double mutant,False
672,TCGAGTTTACACTTTATGCTTCCGGCTCGTATAATGTGTGGTCCCTATCAGTaATAaAGA,lacUV5_tetO2 double mutant,False
673,TCGAGTTTACACTTTATGCTTCCGGCTCGTATAATGTGTGGTaCCTATCAGTGATAGAcA,lacUV5_tetO2 double mutant,False
674,TCGAGTTTACACTTTATGCTTCCGGCTCGTATAATGTGTGGTCCCTATCAGTGATAGtGt,lacUV5_tetO2 double mutant,False
675,TCGAGTTTACACTTTATGCTTCCGGCTCGTATAATGTGTGGTCCCTATCAaaGATAGAGA,lacUV5_tetO2 double mutant,False
676,TCGAGTTTACACTTTATGCTTCCGGCTCGTATAATGTGTGGTCCgTATCAGTGcTAGAGA,lacUV5_tetO2 double mutant,False
677,TCGAGTTTACACTTTATGCTTCCGGCTCGTATAATGTGTGGTCCCTATtAGgGATAGAGA,lacUV5_tetO2 double mutant,False
678,TCGAGTTTACACTTTATGCTTCCGGCTCGTATAATGTGTGGTCCCaAaCAGTGATAGAGA,lacUV5_tetO2 double mutant,False
679,TCGAGTTTACACTTTATGCTTCCGGCTCGTATAATGTGTGGTgCCTATCAGTGATAGAGg,lacUV5_tetO2 double mutant,False
680,TCGAGTTTACACTTTATGCTTCCGGCTCGTATAATGTGTGGTCCCTAagAGTGATAGAGA,lacUV5_tetO2 double mutant,False
681,TCGAGTTTACACTTTATGCTTCCGGCTCGTATAATGTGTGGTCCCTtTCAGTGATAaAGA,lacUV5_tetO2 double mutant,False
682,TCGAGTTTACACTTTATGCTTCCGGCTCGTATAATGTGTGGTCCCTATCAtTGATAcAGA,lacUV5_tetO2 double mutant,False
683,TCGAGTTTACACTTTATGCTTCCGGCTCGTATAATGTGTGGTCCtTgTCAGTGATAGAGA,lacUV5_tetO2 double mutant,False
684,TCGAGTTTACACTTTATGCTTCCGGCTCGTATAATGTGTGGTtCCTATCAGTGcTAGAGA,lacUV5_tetO2 double mutant,False
685,TCGAGTTTACACTTTATGCTTCCGGCTCGTATAATGTGTGGTgCCTATCAGTGATAGAGt,lacUV5_tetO2 double mutant,False
686,TCGAGTTTACACTTTATGCTTCCGGCTCGTATAATGTGTGGTCCCTATCAGTcAcAGAGA,lacUV5_tetO2 double mutant,False
687,TCGAGTTTACACTTTATGCTTCCGGCTCGTATAATGTGTGGTtCCTATCAGTGtTAGAGA,lacUV5_tetO2 double mutant,False
688,TCGAGTTTACACTTTATGCTTCCGGCTCGTATAATGTGTGGTCCCTATCAGTGcTAcAGA,lacUV5_tetO2 double mutant,False
689,TCGAGTTTACACTTTATGCTTCCGGCTCGTATAATGTGTGGTCCCTAgCAGTGATAGcGA,lacUV5_tetO2 double mutant,False
690,TCGAGTTTACACTTTATGCTTCCGGCTCGTATAATGTGTGGTCCCTcTaAGTGATAGAGA,lacUV5_tetO2 double mutant,False
691,TCGAGTTTACACTTTATGCTTCCGGCTCGTATAATGTGTGGTCCCTATCtGTGATAGAGg,lacUV5_tetO2 double mutant,False
692,TCGAGTTTACACTTTATGCTTCCGGCTCGTATAATGTGTGGTCCCTcTCAGTGATtGAGA,lacUV5_tetO2 double mutant,False
693,TCGAGTTTACACTTTATGCTTCCGGCTCGTATAATGTGTGGTgCCTATCAGTGATAGAaA,lacUV5_tetO2 double mutant,False
694,TCGAGTTTACACTTTATGCTTCCGGCTCGTATAATGTGTGGTCCCTATCtGTGATAGAGc,lacUV5_tetO2 double mutant,False
695,TCGAGTTTACACTTTATGCTTCCGGCTCGTATAATGTGTGGTCCCTATCAGTGATAGgaA,lacUV5_tetO2 double mutant,False
696,TCGAGTTTACACTTTATGCTTCCGGCTCGTATAATGTGTGGTCCCTAcCAGTGATtGAGA,lacUV5_tetO2 double mutant,False
697,TCGAGTTTACACTTTATGCTTCCGGCTCGTATAATGTGTGGTCCCTAcCAGTGATAGAaA,lacUV5_tetO2 double mutant,False
698,TCGAGTTTACACTTTATGCTTCCGGCTCGTATAATGTGTGGTCCCcATCAGTGATAGAaA,lacUV5_tetO2 double mutant,False
699,TCGAGTTTACACTTTATGCTTCCGGCTCGTATAATGTGTGGTCCCTATCgGTGATAGAGt,lacUV5_tetO2 double mutant,False
700,TCGAGTTTACACTTTATGCTTCCGGCTCGTATAATGTGTGGTCCCTATCAGacATAGAGA,lacUV5_tetO2 double mutant,False
701,TCGAGTTTACACTTTATGCTTCCGGCTCGTATAATGTGTGGTCCCTATCAGTGATtGAGc,lacUV5_tetO2 double mutant,False
702,TCGAGTTTACACTTTATGCTTCCGGCTCGTATAATGTGTGGaCCCTtTCAGTGATAGAGA,lacUV5_tetO2 double mutant,False
703,TCGAGTTTACACTTTATGCTTCCGGCTCGTATAATGTGTGGcCCCTATCAGTGgTAGAGA,lacUV5_tetO2 double mutant,False
704,TCGAGTTTACACTTTATGCTTCCGGCTCGTATAATGTGTGGTCCCTATCtGTaATAGAGA,lacUV5_tetO2 double mutant,False
705,TCGAGTTTACACTTTATGCTTCCGGCTCGTATAATGTGTGGTCtCTcTCAGTGATAGAGA,lacUV5_tetO2 double mutant,False
706,TCGAGTTTACACTTTATGCTTCCGGCTCGTATAATGTGTGGTCCCTATCcGTGATAGAcA,lacUV5_tetO2 double mutant,False
707,TCGAGTTTACACTTTATGCTTCCGGCTCGTATAATGTGTGGTCCCTATCcaTGATAGAGA,lacUV5_tetO2 double mutant,False
708,TCGAGTTTACACTTTATGCTTCCGGCTCGTATAATGTGTGGTCCCTATCAGgGATAGAaA,lacUV5_tetO2 double mutant,False
709,TCGAGTTTACACTTTATGCTTCCGGCTCGTATAATGTGTGGTCCCTtTCAGTaATAGAGA,lacUV5_tetO2 double mutant,False
710,TCGAGTTTACACTTTATGCTTCCGGCTCGTATAATGTGTGGgCCCTgTCAGTGATAGAGA,lacUV5_tetO2 double mutant,False
711,TCGAGTTTACACTTTATGCTTCCGGCTCGTATAATGTGTGGTCCCTATCAtgGATAGAGA,lacUV5_tetO2 double mutant,False
712,TCGAGTTTACACTTTATGCTTCCGGCTCGTATAATGTGTGGTaCCTATCAGaGATAGAGA,lacUV5_tetO2 double mutant,False
713,TCGAGTTTACACTTTATGCTTCCGGCTCGTATAATGTGTGGTaCCTATCAGTGATgGAGA,lacUV5_tetO2 double mutant,False
714,TCGAGTTTACACTTTATGCTTCCGGCTCGTATAATGTGTGGTCCCTAaCAGTGATAcAGA,lacUV5_tetO2 double mutant,False
715,TCGAGTTTACACTTTATGCTTCCGGCTCGTATAATGTGTGGTCCCTATCgGTGATAGAGg,lacUV5_tetO2 double mutant,False
716,TCGAGTTTACACTTTATGCTTCCGGCTCGTATAATGTGTGGTCCCTATtAcTGATAGAGA,lacUV5_tetO2 double mutant,False
717,TCGAGTTTACACTTTATGCTTCCGGCTCGTATAATGTGTGGTaCCTgTCAGTGATAGAGA,lacUV5_tetO2 double mutant,False
718,TCGAGTTTACACTTTATGCTTCCGGCTCGTATAATGTGTGGTgCCTATCAaTGATAGAGA,lacUV5_tetO2 double mutant,False
719,TCGAGTTTACACTTTATGCTTCCGGCTCGTATAATGTGTGGTCaCTgTCAGTGATAGAGA,lacUV5_tetO2 double mutant,False
720,TCGAGTTTACACTTTATGCTTCCGGCTCGTATAATGTGTGGTCCCTATaAGTGATtGAGA,lacUV5_tetO2 double mutant,False
721,TCGAGTTTACACTTTATGCTTCCGGCTCGTATAATGTGTGGTCCgaATCAGTGATAGAGA,lacUV5_tetO2 double mutant,False
722,TCGAGTTTACACTTTATGCTTCCGGCTCGTATAATGTGTGGTtCCTATCAGTGAaAGAGA,lacUV5_tetO2 double mutant,False
723,TCGAGTTTACACTTTATGCTTCCGGCTCGTATAATGTGTGGTCCCTATCAGTGAgAGAGg,lacUV5_tetO2 double mutant,False
724,TCGAGTTTACACTTTATGCTTCCGGCTCGTATAATGTGTGGTCCCTAaCAGTGATAGtGA,lacUV5_tetO2 double mutant,False
725,TCGAGTTTACACTTTATGCTTCCGGCTCGTATAATGTGTGGgCCCTATCAGTtATAGAGA,lacUV5_tetO2 double mutant,False
726,TCGAGTTTACACTTTATGCTTCCGGCTCGTATAATGTGTGGTCCCTATCAGTGAaAGgGA,lacUV5_tetO2 double mutant,False
727,TCGAGTTTACACTTTATGCTTCCGGCTCGTATAATGTGTGGTCCCTtgCAGTGATAGAGA,lacUV5_tetO2 double mutant,False
728,TCGAGTTTACACTTTATGCTTCCGGCTCGTATAATGTGTGGTCgCTcTCAGTGATAGAGA,lacUV5_tetO2 double mutant,False
729,TCGAGTTTACACTTTATGCTTCCGGCTCGTATAATGTGTGGTCCCgtTCAGTGATAGAGA,lacUV5_tetO2 double mutant,False
730,TCGAGTTTACACTTTATGCTTCCGGCTCGTATAATGTGTGGTCCCTATCAGTGATAaAGt,lacUV5_tetO2 double mutant,False
731,TCGAGTTTACACTTTATGCTTCCGGCTCGTATAATGTGTGGTCCCTATCAGTGAcAGtGA,lacUV5_tetO2 double mutant,False
732,TCGAGTTTACACTTTATGCTTCCGGCTCGTATAATGTGTGGggCCTATCAGTGATAGAGA,lacUV5_tetO2 double mutant,False
733,TCGAGTTTACACTTTATGCTTCCGGCTCGTATAATGTGTGGTCCCTcTtAGTGATAGAGA,lacUV5_tetO2 double mutant,False
734,TCGAGTTTACACTTTATGCTTCCGGCTCGTATAATGTGTGGTCCCTgTCAGTGATAcAGA,lacUV5_tetO2 double mutant,False
735,TCGAGTTTACACTTTATGCTTCCGGCTCGTATAATGTGTGGTCCCTATCAaTGATAGtGA,lacUV5_tetO2 double mutant,False
736,TCGAGTTTACACTTTATGCTTCCGGCTCGTATAATGTGTGGTCCtTATCAGTGATAcAGA,lacUV5_tetO2 double mutant,False
737,TCGAGTTTACACTTTATGCTTCCGGCTCGTATAATGTGTGGTaCCTATCAtTGATAGAGA,lacUV5_tetO2 double mutant,False
738,TCGAGTTTACACTTTATGCTTCCGGCTCGTATAATGTGTGGTCCgTATCAGTGAcAGAGA,lacUV5_tetO2 double mutant,False
739,TCGAGTTTACACTTTATGCTTCCGGCTCGTATAATGTGTGGTCgCTATCAGTGATtGAGA,lacUV5_tetO2 double mutant,False
740,TCGAGTTTACACTTTATGCTTCCGGCTCGTATAATGTGTGGcCCCTATCAGTGcTAGAGA,lacUV5_tetO2 double mutant,False
741,TCGAGTTTACACTTTATGCTTCCGGCTCGTATAATGTGTGGTCCCTATCAGTGAggGAGA,lacUV5_tetO2 double mutant,False
742,TCGAGTTTACACTTTATGCTTCCGGCTCGTATAATGTGTGGTCCCTATCAGTGtTcGAGA,lacUV5_tetO2 double mutant,False
743,TCGAGTTTACACTTTATGCTTCCGGCTCGTATAATGTGTGGTCCCTATCAGTGATgGAaA,lacUV5_tetO2 double mutant,False
744,TCGAGTTTACACTTTATGCTTCCGGCTCGTATAATGTGTGGTCCCTATCAGTcATAGcGA,lacUV5_tetO2 double mutant,False
745,TCGAGTTTACACTTTATGCTTCCGGCTCGTATAATGTGTGGTCCCTAgCAGTGATAGAaA,lacUV5_tetO2 double mutant,False
746,TCGAGTTTACACTTTATGCTTCCGGCTCGTATAATGTGTGGTCCCTATCAGgGATtGAGA,lacUV5_tetO2 double mutant,False
747,TCGAGTTTACACTTTATGCTTCCGGCTCGTATAATGTGTGGTCCCTAgCAGTGtTAGAGA,lacUV5_tetO2 double mutant,False
748,TCGAGTTTACACTTTATGCTTCCGGCTCGTATAATGTGTGGTCCCTATCAcTGATtGAGA,lacUV5_tetO2 double mutant,False
749,TCGAGTTTACACTTTATGCTTCCGGCTCGTATAATGTGTGGTCCCTATCAGgGATcGAGA,lacUV5_tetO2 double mutant,False
750,TCGAGTTTACACTTTATGCTTCCGGCTCGTATAATGTGTGGgCCCTAgCAGTGATAGAGA,lacUV5_tetO2 double mutant,False
751,TCGAGTTTACACTTTATGCTTCCGGCTCGTATAATGTGTGGTCCCTATCAGTGAcAGAtA,lacUV5_tetO2 double mutant,False
752,TCGAGTTTACACTTTATGCTTCCGGCTCGTATAATGTGTGGTaCCTAgCAGTGATAGAGA,lacUV5_tetO2 double mutant,False
753,TCGAGTTTACACTTTATGCTTCCGGCTCGTATAATGTGTGGTCCCgATCAGTtATAGAGA,lacUV5_tetO2 double mutant,False
754,TCGAGTTTACACTTTATGCTTCCGGCTCGTATAATGTGTGGTCCCcAgCAGTGATAGAGA,lacUV5_tetO2 double mutant,False
755,TCGAGTTTACACTTTATGCTTCCGGCTCGTATAATGTGTGGTCCCgATCAGTGATAGAGc,lacUV5_tetO2 double mutant,False
756,TCGAGTTTACACTTTATGCTTCCGGCTCGTATAATGTGTGGTCCCTAgCAGTGAcAGAGA,lacUV5_tetO2 double mutant,False
757,TCGAGTTTACACTTTATGCTTCCGGCTCGTATAATGTGTGGTCCCTATCcGTGATtGAGA,lacUV5_tetO2 double mutant,False
758,TCGAGTTTACACTTTATGCTTCCGGCTCGTATAATGTGTGGTCCCTATCAGTGAgAGAcA,lacUV5_tetO2 double mutant,False
759,TCGAGTTTACACTTTATGCTTCCGGCTCGTATAATGTGTGGTCCCTATgAGTGATAtAGA,lacUV5_tetO2 double mutant,False
760,TCGAGTTTACACTTTATGCTTCCGGCTCGTATAATGTGTGGTCCCcATCAGTGATAGAcA,lacUV5_tetO2 double mutant,False
761,TCGAGTTTACACTTTATGCTTCCGGCTCGTATAATGTGTGGTCCCTATCAGTaATgGAGA,lacUV5_tetO2 double mutant,False
762,TCGAGTTTACACTTTATGCTTCCGGCTCGTATAATGTGTGGTCCCTATCAGTGATAGcGc,lacUV5_tetO2 double mutant,False
763,TCGAGTTTACACTTTATGCTTCCGGCTCGTATAATGTGTGGTCCCTAcCAGTGAcAGAGA,lacUV5_tetO2 double mutant,False
764,TCGAGTTTACACTTTATGCTTCCGGCTCGTATAATGTGTGGTCCCTcTCAGTGATAtAGA,lacUV5_tetO2 double mutant,False
765,TCGAGTTTACACTTTATGCTTCCGGCTCGTATAATGTGTGGTCCCcATtAGTGATAGAGA,lacUV5_tetO2 double mutant,False
766,TCGAGTTTACACTTTATGCTTCCGGCTCGTATAATGTGTGGTgCCTATCAGTGATAGcGA,lacUV5_tetO2 double mutant,False
767,TCGAGTTTACACTTTATGCTTCCGGCTCGTATAATGTGTGGTCgCTATaAGTGATAGAGA,lacUV5_tetO2 double mutant,False
768,TCGAGTTTACACTTTATGCTTCCGGCTCGTATAATGTGTGGaaCCTATCAGTGATAGAGA,lacUV5_tetO2 double mutant,False
769,TCGAGTTTACACTTTATGCTTCCGGCTCGTATAATGTGTGGTaaCTATCAGTGATAGAGA,lacUV5_tetO2 double mutant,False
770,TCGAGTTTACACTTTATGCTTCCGGCTCGTATAATGTGTGGTCCCTATCgGTGATAaAGA,lacUV5_tetO2 double mutant,False
771,TCGAGTTTACACTTTATGCTTCCGGCTCGTATAATGTGTGGTCCCTATCAGgGATAGAGc,lacUV5_tetO2 double mutant,False
772,TCGAGTTTACACTTTATGCTTCCGGCTCGTATAATGTGTGGTCCCTATaAGTGAgAGAGA,lacUV5_tetO2 double mutant,False
773,TCGAGTTTACACTTTATGCTTCCGGCTCGTATAATGTGTGGTCCCTATCAaTtATAGAGA,lacUV5_tetO2 double mutant,False
774,TCGAGTTTACACTTTATGCTTCCGGCTCGTATAATGTGTGGTCCCTATCAGTtATgGAGA,lacUV5_tetO2 double mutant,False
775,TCGAGTTTACACTTTATGCTTCCGGCTCGTATAATGTGTGGTCCgTATtAGTGATAGAGA,lacUV5_tetO2 double mutant,False
776,TCGAGTTTACACTTTATGCTTCCGGCTCGTATAATGTGTGGTCCCTATCAcTGAgAGAGA,lacUV5_tetO2 double mutant,False
777,TCGAGTTTACACTTTATGCTTCCGGCTCGTATAATGTGTGGTCCCTATCAGgcATAGAGA,lacUV5_tetO2 double mutant,False
778,TCGAGTTTACACTTTATGCTTCCGGCTCGTATAATGTGTGGTCCCTATCAtTGATcGAGA,lacUV5_tetO2 double mutant,False
779,TCGAGTTTACACTTTATGCTTCCGGCTCGTATAATGTGTGGTCCtTATCAGTGATAGcGA,lacUV5_tetO2 double mutant,False
780,TCGAGTTTACACTTTATGCTTCCGGCTCGTATAATGTGTGGTCCtTATCAGTGATAGAtA,lacUV5_tetO2 double mutant,False
781,TCGAGTTTACACTTTATGCTTCCGGCTCGTATAATGTGTGGTCCCTATCAGTGATAGtGg,lacUV5_tetO2 double mutant,False
782,TCGAGTTTACACTTTATGCTTCCGGCTCGTATAATGTGTGGaCCCTATgAGTGATAGAGA,lacUV5_tetO2 double mutant,False
783,TCGAGTTTACACTTTATGCTTCCGGCTCGTATAATGTGTGGaCaCTATCAGTGATAGAGA,lacUV5_tetO2 double mutant,False
784,TCGAGTTTACACTTTATGCTTCCGGCTCGTATAATGTGTGGTCCCTAgCAGTGATcGAGA,lacUV5_tetO2 double mutant,False
785,TCGAGTTTACACTTTATGCTTCCGGCTCGTATAATGTGTGGTCCtTATCAGTGtTAGAGA,lacUV5_tetO2 double mutant,False
786,TCGAGTTTACACTTTATGCTTCCGGCTCGTATAATGTGTGGTCCCcATCAGTGtTAGAGA,lacUV5_tetO2 double mutant,False
787,TCGAGTTTACACTTTATGCTTCCGGCTCGTATAATGTGTGGTCaCTATCtGTGATAGAGA,lacUV5_tetO2 double mutant,False
788,TCGAGTTTACACTTTATGCTTCCGGCTCGTATAATGTGTGGTCCCTAaCAGaGATAGAGA,lacUV5_tetO2 double mutant,False
789,TCGAGTTTACACTTTATGCTTCCGGCTCGTATAATGTGTGGTCCCTATCAGTcATAGAaA,lacUV5_tetO2 double mutant,False
790,TCGAGTTTACACTTTATGCTTCCGGCTCGTATAATGTGTGGTCCCTATCAaTGATAGAGg,lacUV5_tetO2 double mutant,False
791,TCGAGTTTACACTTTATGCTTCCGGCTCGTATAATGTGTGGTgCCTATCAGTGATAcAGA,lacUV5_tetO2 double mutant,False
792,TCGAGTTTACACTTTATGCTTCCGGCTCGTATAATGTGTGGTCaCTATCAGTaATAGAGA,lacUV5_tetO2 double mutant,False
793,TCGAGTTTACACTTTATGCTTCCGGCTCGTATAATGTGTGGcCCCTATCAcTGATAGAGA,lacUV5_tetO2 double mutant,False
794,TCGAGTTTACACTTTATGCTTCCGGCTCGTATAATGTGTGGTCCCTATCAGTGATAGtaA,lacUV5_tetO2 double mutant,False
795,TCGAGTTTACACTTTATGCTTCCGGCTCGTATAATGTGTGGTCCCTATCgGTGgTAGAGA,lacUV5_tetO2 double mutant,False
796,TCGAGTTTACACTTTATGCTTCCGGCTCGTATAATGTGTGGaCCCTATCcGTGATAGAGA,lacUV5_tetO2 double mutant,False
797,TCGAGTTTACACTTTATGCTTCCGGCTCGTATAATGTGTGGTCCCcATCAGTGATAcAGA,lacUV5_tetO2 double mutant,False
798,TCGAGTTTACACTTTATGCTTCCGGCTCGTATAATGTGTGGaCCCTATCAGTGATAcAGA,lacUV5_tetO2 double mutant,False
799,TCGAGTTTACACTTTATGCTTCCGGCTCGTATAATGTGTGGTCCCTATCAGTGgTAGAcA,lacUV5_tetO2 double mutant,False
800,TCGAGTTTACACTTTATGCTTCCGGCTCGTATAATGTGTGGTCCCcATCcGTGATAGAGA,lacUV5_tetO2 double mutant,False
801,TCGAGTTTACACTTTATGCTTCCGGCTCGTATAATGTGTGGTCgCTATCAGgGATAGAGA,lacUV5_tetO2 double mutant,False
802,TCGAGTTTACACTTTATGCTTCCGGCTCGTATAATGTGTGGcCCCTATgAGTGATAGAGA,lacUV5_tetO2 double mutant,False
803,TCGAGTTTACACTTTATGCTTCCGGCTCGTATAATGTGTGGTCCCTATCAGTGAgAGAGt,lacUV5_tetO2 double mutant,False
804,TCGAGTTTACACTTTATGCTTCCGGCTCGTATAATGTGTGGTCCCTATCAGTaATAGAGg,lacUV5_tetO2 double mutant,False
805,TCGAGTTTACACTTTATGCTTCCGGCTCGTATAATGTGTGGTCCCgATCAGTGATAGAcA,lacUV5_tetO2 double mutant,False
806,TCGAGTTTACACTTTATGCTTCCGGCTCGTATAATGTGTGGTCtaTATCAGTGATAGAGA,lacUV5_tetO2 double mutant,False
807,TCGAGTTTACACTTTATGCTTCCGGCTCGTATAATGTGTGGTCtCTATCAGTGATAtAGA,lacUV5_tetO2 double mutant,False
808,TCGAGTTTACACTTTATGCTTCCGGCTCGTATAATGTGTGGTCCtTATCAGTGATAGAGc,lacUV5_tetO2 double mutant,False
809,TCGAGTTTACACTTTATGCTTCCGGCTCGTATAATGTGTGGTCCCTATCAGTGAccGAGA,lacUV5_tetO2 double mutant,False
810,TCGAGTTTACACTTTATGCTTCCGGCTCGTATAATGTGTGGTCCCTATCtGTGATAcAGA,lacUV5_tetO2 double mutant,False
811,TCGAGTTTACACTTTATGCTTCCGGCTCGTATAATGTGTGGTCCCTATCAGTGAcAGAGt,lacUV5_tetO2 double mutant,False
812,TCGAGTTTACACTTTATGCTTCCGGCTCGTATAATGTGTGGTaCCTATCAGTGATAGAGg,lacUV5_tetO2 double mutant,False
813,TCGAGTTTACACTTTATGCTTCCGGCTCGTATAATGTGTGGTCCCTATCAGgGtTAGAGA,lacUV5_tetO2 double mutant,False
814,TCGAGTTTACACTTTATGCTTCCGGCTCGTATAATGTGTGGTCtCTATCAGTGtTAGAGA,lacUV5_tetO2 double mutant,False
815,TCGAGTTTACACTTTATGCTTCCGGCTCGTATAATGTGTGGTCCCaATCAGTGAgAGAGA,lacUV5_tetO2 double mutant,False
816,TCGAGTTTACACTTTATGCTTCCGGCTCGTATAATGTGTGGTCCCcATCAcTGATAGAGA,lacUV5_tetO2 double mutant,False
817,TCGAGTTTACACTTTATGCTTCCGGCTCGTATAATGTGTGGcCCCTATCAGTGATAtAGA,lacUV5_tetO2 double mutant,False
818,TCGAGTTTACACTTTATGCTTCCGGCTCGTATAATGTGTGGTCCCTATtAGTGATAGtGA,lacUV5_tetO2 double mutant,False
819,TCGAGTTTACACTTTATGCTTCCGGCTCGTATAATGTGTGGTCCtTATCAGTGATAGgGA,lacUV5_tetO2 double mutant,False
820,TCGAGTTTACACTTTATGCTTCCGGCTCGTATAATGTGTGGTCCCTAcCAGTcATAGAGA,lacUV5_tetO2 double mutant,False
821,TCGAGTTTACACTTTATGCTTCCGGCTCGTATAATGTGTGGcCCCTATCAGgGATAGAGA,lacUV5_tetO2 double mutant,False
822,TCGAGTTTACACTTTATGCTTCCGGCTCGTATAATGTGTGGTCCCTATaAGgGATAGAGA,lacUV5_tetO2 double mutant,False
823,TCGAGTTTACACTTTATGCTTCCGGCTCGTATAATGTGTGGTaCCTATCAGTGATtGAGA,lacUV5_tetO2 double mutant,False
824,TCGAGTTTACACTTTATGCTTCCGGCTCGTATAATGTGTGGTCtCTATCAGTGATAGAGg,lacUV5_tetO2 double mutant,False
825,TCGAGTTTACACTTTATGCTTCCGGCTCGTATAATGTGTGGTCCCTAgCAGTGATAcAGA,lacUV5_tetO2 double mutant,False
826,TCGAGTTTACACTTTATGCTTCCGGCTCGTATAATGTGTGGTCCCTATCcGTGAaAGAGA,lacUV5_tetO2 double mutant,False
827,TCGAGTTTACACTTTATGCTTCCGGCTCGTATAATGTGTGGTCgCgATCAGTGATAGAGA,lacUV5_tetO2 double mutant,False
828,TCGAGTTTACACTTTATGCTTCCGGCTCGTATAATGTGTGGTCaCTATCAGTGAcAGAGA,lacUV5_tetO2 double mutant,False
829,TCGAGTTTACACTTTATGCTTCCGGCTCGTATAATGTGTGGTgaCTATCAGTGATAGAGA,lacUV5_tetO2 double mutant,False
830,TCGAGTTTACACTTTATGCTTCCGGCTCGTATAATGTGTGGgCCCTATCAGaGATAGAGA,lacUV5_tetO2 double mutant,False
831,TCGAGTTTACACTTTATGCTTCCGGCTCGTATAATGTGTGGTCCCTATCAcaGATAGAGA,lacUV5_tetO2 double mutant,False
832,TCGAGTTTACACTTTATGCTTCCGGCTCGTATAATGTGTGGTgCCTATCtGTGATAGAGA,lacUV5_tetO2 double mutant,False
833,TCGAGTTTACACTTTATGCTTCCGGCTCGTATAATGTGTGGTCCCaATCAGaGATAGAGA,lacUV5_tetO2 double mutant,False
834,TCGAGTTTACACTTTATGCTTCCGGCTCGTATAATGTGTGGcgCCTATCAGTGATAGAGA,lacUV5_tetO2 double mutant,False
835,TCGAGTTTACACTTTATGCTTCCGGCTCGTATAATGTGTGGTCCCTtTtAGTGATAGAGA,lacUV5_tetO2 double mutant,False
836,TCGAGTTTACACTTTATGCTTCCGGCTCGTATAATGTGTGGTCCCTcTCAGTGATAcAGA,lacUV5_tetO2 double mutant,False
837,TCGAGTTTACACTTTATGCTTCCGGCTCGTATAATGTGTGGTCaCTtTCAGTGATAGAGA,lacUV5_tetO2 double mutant,False
838,TCGAGTTTACACTTTATGCTTCCGGCTCGTATAATGTGTGGTCCCTATCAGaGAaAGAGA,lacUV5_tetO2 double mutant,False
839,TCGAGTTTACACTTTATGCTTCCGGCTCGTATAATGTGTGGTCCCTATCAGTGATAatGA,lacUV5_tetO2 double mutant,False
840,TCGAGTTTACACTTTATGCTTCCGGCTCGTATAATGTGTGGcCCCTATCAGTGATAcAGA,lacUV5_tetO2 double mutant,False
841,TCGAGTTTACACTTTATGCTTCCGGCTCGTATAATGTGTGGTCCCTATCAGTGtTAGAGc,lacUV5_tetO2 double mutant,False
842,TCGAGTTTACACTTTATGCTTCCGGCTCGTATAATGTGTGGTCCCTATtAGTGtTAGAGA,lacUV5_tetO2 double mutant,False
843,TCGAGTTTACACTTTATGCTTCCGGCTCGTATAATGTGTGGTCCCTATCtGTGAgAGAGA,lacUV5_tetO2 double mutant,False
844,TCGAGTTTACACTTTATGCTTCCGGCTCGTATAATGTGTGGTCCCcATCAGTGATAGtGA,lacUV5_tetO2 double mutant,False
845,TCGAGTTTACACTTTATGCTTCCGGCTCGTATAATGTGTGGgCCCTATgAGTGATAGAGA,lacUV5_tetO2 double mutant,False
846,TCGAGTTTACACTTTATGCTTCCGGCTCGTATAATGTGTGGTCCCTATCtGTGATAtAGA,lacUV5_tetO2 double mutant,False
847,TCGAGTTTACACTTTATGCTTCCGGCTCGTATAATGTGTGGgCCCTATCAGTGATtGAGA,lacUV5_tetO2 double mutant,False
848,TCGAGTTTACACTTTATGCTTCCGGCTCGTATAATGTGTGGTCCCTATCAtTGATAtAGA,lacUV5_tetO2 double mutant,False
849,TCGAGTTTACACTTTATGCTTCCGGCTCGTATAATGTGTGGTCgCTATCAGaGATAGAGA,lacUV5_tetO2 double mutant,False
850,TCGAGTTTACACTTTATGCTTCCGGCTCGTATAATGTGTGGTaCCTATtAGTGATAGAGA,lacUV5_tetO2 double mutant,False
851,TCGAGTTTACACTTTATGCTTCCGGCTCGTATAATGTGTGGTCCCTgTCcGTGATAGAGA,lacUV5_tetO2 double mutant,False
852,TCGAGTTTACACTTTATGCTTCCGGCTCGTATAATGTGTGGcCCCTATCAaTGATAGAGA,lacUV5_tetO2 double mutant,False
853,TCGAGTTTACACTTTATGCTTCCGGCTCGTATAATGTGTGGTaCCTATCAGTGATAGAtA,lacUV5_tetO2 double mutant,False
854,TCGAGTTTACACTTTATGCTTCCGGCTCGTATAATGTGTGGTCCCTcTCAGTGAcAGAGA,lacUV5_tetO2 double mutant,False
855,TCGAGTTTACACTTTATGCTTCCGGCTCGTATAATGTGTGGTCCCTATCAGTGAcAGAaA,lacUV5_tetO2 double mutant,False
856,TCGAGTTTACACTTTATGCTTCCGGCTCGTATAATGTGTGGTCCCTATCAGTGtgAGAGA,lacUV5_tetO2 double mutant,False
857,TCGAGTTTACACTTTATGCTTCCGGCTCGTATAATGTGTGGTCCCTATCAGTGcTAGgGA,lacUV5_tetO2 double mutant,False
858,TCGAGTTTACACTTTATGCTTCCGGCTCGTATAATGTGTGGTCtCgATCAGTGATAGAGA,lacUV5_tetO2 double mutant,False
859,TCGAGTTTACACTTTATGCTTCCGGCTCGTATAATGTGTGGTCCCTtTCAGTGATAGgGA,lacUV5_tetO2 double mutant,False
860,TCGAGTTTACACTTTATGCTTCCGGCTCGTATAATGTGTGGTCCgTATCAGTGATAGAGc,lacUV5_tetO2 double mutant,False
861,TCGAGTTTACACTTTATGCTTCCGGCTCGTATAATGTGTGGTCCCTATCAaTGAcAGAGA,lacUV5_tetO2 double mutant,False
862,TCGAGTTTACACTTTATGCTTCCGGCTCGTATAATGTGTGGTCCCTATCAGTGATAGAtc,lacUV5_tetO2 double mutant,False
863,TCGAGTTTACACTTTATGCTTCCGGCTCGTATAATGTGTGGTCCCTAgCAGTGATgGAGA,lacUV5_tetO2 double mutant,False
864,TCGAGTTTACACTTTATGCTTCCGGCTCGTATAATGTGTGGaCtCTATCAGTGATAGAGA,lacUV5_tetO2 double mutant,False
865,TCGAGTTTACACTTTATGCTTCCGGCTCGTATAATGTGTGGTCCCaATCAGTGATAGtGA,lacUV5_tetO2 double mutant,False
866,TCGAGTTTACACTTTATGCTTCCGGCTCGTATAATGTGTGGTCCCTATCAGTGATAcgGA,lacUV5_tetO2 double mutant,False
867,TCGAGTTTACACTTTATGCTTCCGGCTCGTATAATGTGTGGaCCCTATCAGTGATAaAGA,lacUV5_tetO2 double mutant,False
868,TCGAGTTTACACTTTATGCTTCCGGCTCGTATAATGTGTGGcaCCTATCAGTGATAGAGA,lacUV5_tetO2 double mutant,False
869,TCGAGTTTACACTTTATGCTTCCGGCTCGTATAATGTGTGGTCCCTATCgGTcATAGAGA,lacUV5_tetO2 double mutant,False
870,TCGAGTTTACACTTTATGCTTCCGGCTCGTATAATGTGTGGTCCCTATCAGTtcTAGAGA,lacUV5_tetO2 double mutant,False
871,TCGAGTTTACACTTTATGCTTCCGGCTCGTATAATGTGTGGTCCCTATCAGgGAcAGAGA,lacUV5_tetO2 double mutant,False
872,TCGAGTTTACACTTTATGCTTCCGGCTCGTATAATGTGTGGTCCaTATtAGTGATAGAGA,lacUV5_tetO2 double mutant,False
873,TCGAGTTTACACTTTATGCTTCCGGCTCGTATAATGTGTGGTCCCaATCAGTGATgGAGA,lacUV5_tetO2 double mutant,False
874,TCGAGTTTACACTTTATGCTTCCGGCTCGTATAATGTGTGGTCCCTATCtGTGATAGAtA,lacUV5_tetO2 double mutant,False
875,TCGAGTTTACACTTTATGCTTCCGGCTCGTATAATGTGTGGTCaCTATCAGTGATcGAGA,lacUV5_tetO2 double mutant,False
876,TCGAGTTTACACTTTATGCTTCCGGCTCGTATAATGTGTGGTCCCTATCAcTcATAGAGA,lacUV5_tetO2 double mutant,False
877,TCGAGTTTACACTTTATGCTTCCGGCTCGTATAATGTGTGGTCCCTAggAGTGATAGAGA,lacUV5_tetO2 double mutant,False
878,TCGAGTTTACACTTTATGCTTCCGGCTCGTATAATGTGTGGTCgCTATCAaTGATAGAGA,lacUV5_tetO2 double mutant,False
879,TCGAGTTTACACTTTATGCTTCCGGCTCGTATAATGTGTGGTCCCTATCttTGATAGAGA,lacUV5_tetO2 double mutant,False
880,TCGAGTTTACACTTTATGCTTCCGGCTCGTATAATGTGTGGTCCCTATCAGTagTAGAGA,lacUV5_tetO2 double mutant,False
881,TCGAGTTTACACTTTATGCTTCCGGCTCGTATAATGTGTGGTCCCTAcCAGTGATAcAGA,lacUV5_tetO2 double mutant,False
882,TCGAGTTTACACTTTATGCTTCCGGCTCGTATAATGTGTGGTCCaTATCAGaGATAGAGA,lacUV5_tetO2 double mutant,False
883,TCGAGTTTACACTTTATGCTTCCGGCTCGTATAATGTGTGGTCCCTATCAGTGAgcGAGA,lacUV5_tetO2 double mutant,False
884,TCGAGTTTACACTTTATGCTTCCGGCTCGTATAATGTGTGGTCCCTATCAGcGgTAGAGA,lacUV5_tetO2 double mutant,False
885,TCGAGTTTACACTTTATGCTTCCGGCTCGTATAATGTGTGGTCtCTATCAGTGATAGAGc,lacUV5_tetO2 double mutant,False
886,TCGAGTTTACACTTTATGCTTCCGGCTCGTATAATGTGTGGTCCCTATCAGTGcTAtAGA,lacUV5_tetO2 double mutant,False
887,TCGAGTTTACACTTTATGCTTCCGGCTCGTATAATGTGTGGTCCCgATaAGTGATAGAGA,lacUV5_tetO2 double mutant,False
888,TCGAGTTTACACTTTATGCTTCCGGCTCGTATAATGTGTGGTCCCTATCAGTtATAGcGA,lacUV5_tetO2 double mutant,False
889,TCGAGTTTACACTTTATGCTTCCGGCTCGTATAATGTGTGGcCCCTATCAGTGATAGAGg,lacUV5_tetO2 double mutant,False
890,TCGAGTTTACACTTTATGCTTCCGGCTCGTATAATGTGTGGTCCCTATaAGTGATAGAGc,lacUV5_tetO2 double mutant,False
891,TCGAGTTTACACTTTATGCTTCCGGCTCGTATAATGTGTGGTCCCTgTCAGTGATAGtGA,lacUV5_tetO2 double mutant,False
892,TCGAGTTTACACTTTATGCTTCCGGCTCGTATAATGTGTGGTCCCTATCAGTaATAGgGA,lacUV5_tetO2 double mutant,False
893,TCGAGTTTACACTTTATGCTTCCGGCTCGTATAATGTGTGGcCCCTATCAGTGAcAGAGA,lacUV5_tetO2 double mutant,False
894,TCGAGTTTACACTTTATGCTTCCGGCTCGTATAATGTGTGGTCCCTtTCAGTcATAGAGA,lacUV5_tetO2 double mutant,False
895,TCGAGTTTACACTTTATGCTTCCGGCTCGTATAATGTGTGGTCCCTATCAGTtATAaAGA,lacUV5_tetO2 double mutant,False
896,TCGAGTTTACACTTTATGCTTCCGGCTCGTATAATGTGTGGTCCCcATCAGTGATgGAGA,lacUV5_tetO2 double mutant,False
897,TCGAGTTTACACTTTATGCTTCCGGCTCGTATAATGTGTGGTCCCgATCAGcGATAGAGA,lacUV5_tetO2 double mutant,False
898,TCGAGTTTACACTTTATGCTTCCGGCTCGTATAATGTGTGGTCCCTAgCAGTcATAGAGA,lacUV5_tetO2 double mutant,False
899,TCGAGTTTACACTTTATGCTTCCGGCTCGTATAATGTGTGGaCCCTATCAGTGATAtAGA,lacUV5_tetO2 double mutant,False
900,TCGAGTTTACACTTTATGCTTCCGGCTCGTATAATGTGTGGTCtCTATCcGTGATAGAGA,lacUV5_tetO2 double mutant,False
901,TCGAGTTTACACTTTATGCTTCCGGCTCGTATAATGTGTGGTCCCTcTCAGTGtTAGAGA,lacUV5_tetO2 double mutant,False
902,TCGAGTTTACACTTTATGCTTCCGGCTCGTATAATGTGTGGTCCCTATgAGTGATAcAGA,lacUV5_tetO2 double mutant,False
903,TCGAGTTTACACTTTATGCTTCCGGCTCGTATAATGTGTGGcCCCTATCAGTGATAGtGA,lacUV5_tetO2 double mutant,False
904,TCGAGTTTACACTTTATGCTTCCGGCTCGTATAATGTGTGGTCCCTcTCAGgGATAGAGA,lacUV5_tetO2 double mutant,False
905,TCGAGTTTACACTTTATGCTTCCGGCTCGTATAATGTGTGGTCaaTATCAGTGATAGAGA,lacUV5_tetO2 double mutant,False
906,TCGAGTTTACACTTTATGCTTCCGGCTCGTATAATGTGTGGTCCCTATCAGTGATAGtcA,lacUV5_tetO2 double mutant,False
907,TCGAGTTTACACTTTATGCTTCCGGCTCGTATAATGTGTGGTCCCTATCtGcGATAGAGA,lacUV5_tetO2 double mutant,False
908,TCGAGTTTACACTTTATGCTTCCGGCTCGTATAATGTGTGGTCCCTgTCAGTGATAtAGA,lacUV5_tetO2 double mutant,False
909,TCGAGTTTACACTTTATGCTTCCGGCTCGTATAATGTGTGGTgCCTATCAGTGAcAGAGA,lacUV5_tetO2 double mutant,False
910,TCGAGTTTACACTTTATGCTTCCGGCTCGTATAATGTGTGGTCCgTATCAGTGATAGAtA,lacUV5_tetO2 double mutant,False
911,TCGAGTTTACACTTTATGCTTCCGGCTCGTATAATGTGTGGTCCCgATCgGTGATAGAGA,lacUV5_tetO2 double mutant,False
912,TCGAGTTTACACTTTATGCTTCCGGCTCGTATAATGTGTGGTCCgTATCAGTGATAGcGA,lacUV5_tetO2 double mutant,False
913,TCGAGTTTACACTTTATGCTTCCGGCTCGTATAATGTGTGGTCCCTATCAGTGATgGAGc,lacUV5_tetO2 double mutant,False
914,TCGAGTTTACACTTTATGCTTCCGGCTCGTATAATGTGTGGgCCCTATCAGTGATAtAGA,lacUV5_tetO2 double mutant,False
915,TCGAGTTTACACTTTATGCTTCCGGCTCGTATAATGTGTGGTCCCTATCAaTGATAGAcA,lacUV5_tetO2 double mutant,False
916,TCGAGTTTACACTTTATGCTTCCGGCTCGTATAATGTGTGGTCCCTATCAGTGAaAGAGc,lacUV5_tetO2 double mutant,False
917,TCGAGTTTACACTTTATGCTTCCGGCTCGTATAATGTGTGGTCCCTATCcGTGAcAGAGA,lacUV5_tetO2 double mutant,False
918,TCGAGTTTACACTTTATGCTTCCGGCTCGTATAATGTGTGGTCCCTAgCAGTGAgAGAGA,lacUV5_tetO2 double mutant,False
919,TCGAGTTTACACTTTATGCTTCCGGCTCGTATAATGTGTGGgCCCTATCAGTGATAGAGt,lacUV5_tetO2 double mutant,False
920,TCGAGTTTACACTTTATGCTTCCGGCTCGTATAATGTGTGGTCCCTATCAGTGATAtAGg,lacUV5_tetO2 double mutant,False
921,TCGAGTTTACACTTTATGCTTCCGGCTCGTATAATGTGTGGTCCCTATCtGTGATAGgGA,lacUV5_tetO2 double mutant,False
922,TCGAGTTTACACTTTATGCTTCCGGCTCGTATAATGTGTGGTCaCTATCcGTGATAGAGA,lacUV5_tetO2 double mutant,False
923,TCGAGTTTACACTTTATGCTTCCGGCTCGTATAATGTGTGGTCCCTATCAGaGATgGAGA,lacUV5_tetO2 double mutant,False
924,TCGAGTTTACACTTTATGCTTCCGGCTCGTATAATGTGTGGTCCCTATCAGTtATAGAtA,lacUV5_tetO2 double mutant,False
925,TCGAGTTTACACTTTATGCTTCCGGCTCGTATAATGTGTGGTCCtTATCAGcGATAGAGA,lacUV5_tetO2 double mutant,False
926,TCGAGTTTACACTTTATGCTTCCGGCTCGTATAATGTGTGGTtCCTATCcGTGATAGAGA,lacUV5_tetO2 double mutant,False
927,TCGAGTTTACACTTTATGCTTCCGGCTCGTATAATGTGTGGTCCCaATtAGTGATAGAGA,lacUV5_tetO2 double mutant,False
928,TCGAGTTTACACTTTATGCTTCCGGCTCGTATAATGTGTGGTCCCTAcCAGTGATgGAGA,lacUV5_tetO2 double mutant,False
929,TCGAGTTTACACTTTATGCTTCCGGCTCGTATAATGTGTGGTCCgTATCAGTGAgAGAGA,lacUV5_tetO2 double mutant,False
930,TCGAGTTTACACTTTATGCTTCCGGCTCGTATAATGTGTGGTCCCTATaAGTGtTAGAGA,lacUV5_tetO2 double mutant,False
931,TCGAGTTTACACTTTATGCTTCCGGCTCGTATAATGTGTGGTCCaTgTCAGTGATAGAGA,lacUV5_tetO2 double mutant,False
932,TCGAGTTTACACTTTATGCTTCCGGCTCGTATAATGTGTGGTCCCTATCAGTtATAtAGA,lacUV5_tetO2 double mutant,False
933,TCGAGTTTACACTTTATGCTTCCGGCTCGTATAATGTGTGGTCCCTATCAGTGATAtAGc,lacUV5_tetO2 double mutant,False
934,TCGAGTTTACACTTTATGCTTCCGGCTCGTATAATGTGTGGTCCCTAaCAGTGATtGAGA,lacUV5_tetO2 double mutant,False
935,TCGAGTTTACACTTTATGCTTCCGGCTCGTATAATGTGTGGcCCCTATCAGTGATAGAcA,lacUV5_tetO2 double mutant,False
936,TCGAGTTTACACTTTATGCTTCCGGCTCGTATAATGTGTGGcCCCTATCAGcGATAGAGA,lacUV5_tetO2 double mutant,False
937,TCGAGTTTACACTTTATGCTTCCGGCTCGTATAATGTGTGGTCCCcAaCAGTGATAGAGA,lacUV5_tetO2 double mutant,False
938,TCGAGTTTACACTTTATGCTTCCGGCTCGTATAATGTGTGGTCCCTATCAaTGATAaAGA,lacUV5_tetO2 double mutant,False
939,TCGAGTTTACACTTTATGCTTCCGGCTCGTATAATGTGTGGcCCCTATCAGTGATAGAtA,lacUV5_tetO2 double mutant,False
940,TCGAGTTTACACTTTATGCTTCCGGCTCGTATAATGTGTGGTtCtTATCAGTGATAGAGA,lacUV5_tetO2 double mutant,False
941,TCGAGTTTACACTTTATGCTTCCGGCTCGTATAATGTGTGGTCCCTtTCAGTGATAGAGt,lacUV5_tetO2 double mutant,False
942,TCGAGTTTACACTTTATGCTTCCGGCTCGTATAATGTGTGGTCCCTgTCgGTGATAGAGA,lacUV5_tetO2 double mutant,False
943,TCGAGTTTACACTTTATGCTTCCGGCTCGTATAATGTGTGGTCCtTATCAGTGATAGAGg,lacUV5_tetO2 double mutant,False
944,TCGAGTTTACACTTTATGCTTCCGGCTCGTATAATGTGTGGTCCCTATCAGTGAaAGAcA,lacUV5_tetO2 double mutant,False
945,TCGAGTTTACACTTTATGCTTCCGGCTCGTATAATGTGTGGTCCCTATCtGTGATcGAGA,lacUV5_tetO2 double mutant,False
946,TCGAGTTTACACTTTATGCTTCCGGCTCGTATAATGTGTGGTCCaTATCAGTGATtGAGA,lacUV5_tetO2 double mutant,False
947,TCGAGTTTACACTTTATGCTTCCGGCTCGTATAATGTGTGGTCCCTATCAGTGATAGcGt,lacUV5_tetO2 double mutant,False
948,TCGAGTTTACACTTTATGCTTCCGGCTCGTATAATGTGTGGTaCCTATCAGTGcTAGAGA,lacUV5_tetO2 double mutant,False
949,TCGAGTTTACACTTTATGCTTCCGGCTCGTATAATGTGTGGTtCaTATCAGTGATAGAGA,lacUV5_tetO2 double mutant,False
950,TCGAGTTTACACTTTATGCTTCCGGCTCGTATAATGTGTGGTCtCTATCAGTGATAGtGA,lacUV5_tetO2 double mutant,False
951,TCGAGTTTACACTTTATGCTTCCGGCTCGTATAATGTGTGGTCCCTATCAGTGAgAGtGA,lacUV5_tetO2 double mutant,False
952,TCGAGTTTACACTTTATGCTTCCGGCTCGTATAATGTGTGGTCCCTcTCAGTGATAGAGg,lacUV5_tetO2 double mutant,False
953,TCGAGTTTACACTTTATGCTTCCGGCTCGTATAATGTGTGGTCgCTATCAGTaATAGAGA,lacUV5_tetO2 double mutant,False
954,TCGAGTTTACACTTTATGCTTCCGGCTCGTATAATGTGTGGTCCCTgcCAGTGATAGAGA,lacUV5_tetO2 double mutant,False
955,TCGAGTTTACACTTTATGCTTCCGGCTCGTATAATGTGTGGTCCCcATCAGTcATAGAGA,lacUV5_tetO2 double mutant,False
956,TCGAGTTTACACTTTATGCTTCCGGCTCGTATAATGTGTGGTCCaTATCAGcGATAGAGA,lacUV5_tetO2 double mutant,False
957,TCGAGTTTACACTTTATGCTTCCGGCTCGTATAATGTGTGGTCCaTATCAGTGATAGgGA,lacUV5_tetO2 double mutant,False
958,TCGAGTTTACACTTTATGCTTCCGGCTCGTATAATGTGTGGTCCCTATCtGTGAcAGAGA,lacUV5_tetO2 double mutant,False
959,TCGAGTTTACACTTTATGCTTCCGGCTCGTATAATGTGTGGcCCCTATCAGTGATAGAGc,lacUV5_tetO2 double mutant,False
960,TCGAGTTTACACTTTATGCTTCCGGCTCGTATAATGTGTGGcCCtTATCAGTGATAGAGA,lacUV5_tetO2 double mutant,False
961,TCGAGTTTACACTTTATGCTTCCGGCTCGTATAATGTGTGGTCgCTATCAGTGATAGAtA,lacUV5_tetO2 double mutant,False
962,TCGAGTTTACACTTTATGCTTCCGGCTCGTATAATGTGTGGTCCCTATCAGTaAaAGAGA,lacUV5_tetO2 double mutant,False
963,TCGAGTTTACACTTTATGCTTCCGGCTCGTATAATGTGTGGTtCCTATCAGTGATAtAGA,lacUV5_tetO2 double mutant,False
964,TCGAGTTTACACTTTATGCTTCCGGCTCGTATAATGTGTGGTCCCTATCAGctATAGAGA,lacUV5_tetO2 double mutant,False
965,TCGAGTTTACACTTTATGCTTCCGGCTCGTATAATGTGTGGTCgCTATCAGTGAaAGAGA,lacUV5_tetO2 double mutant,False
966,TCGAGTTTACACTTTATGCTTCCGGCTCGTATAATGTGTGGTCCaTATCAGTGATcGAGA,lacUV5_tetO2 double mutant,False
967,TCGAGTTTACACTTTATGCTTCCGGCTCGTATAATGTGTGGTCCgTcTCAGTGATAGAGA,lacUV5_tetO2 double mutant,False
968,TCGAGTTTACACTTTATGCTTCCGGCTCGTATAATGTGTGGTCCCTATCAGTatTAGAGA,lacUV5_tetO2 double mutant,False
969,TCGAGTTTACACTTTATGCTTCCGGCTCGTATAATGTGTGGTCCaTAcCAGTGATAGAGA,lacUV5_tetO2 double mutant,False
970,TCGAGTTTACACTTTATGCTTCCGGCTCGTATAATGTGTGGTtCCTtTCAGTGATAGAGA,lacUV5_tetO2 double mutant,False
971,TCGAGTTTACACTTTATGCTTCCGGCTCGTATAATGTGTGGTCCCTATCAaTaATAGAGA,lacUV5_tetO2 double mutant,False
972,TCGAGTTTACACTTTATGCTTCCGGCTCGTATAATGTGTGGcCCCTATaAGTGATAGAGA,lacUV5_tetO2 double mutant,False
973,TCGAGTTTACACTTTATGCTTCCGGCTCGTATAATGTGTGGTCgCTATCAGTGATAcAGA,lacUV5_tetO2 double mutant,False
974,TCGAGTTTACACTTTATGCTTCCGGCTCGTATAATGTGTGGTaCCTATCAGTGATAGgGA,lacUV5_tetO2 double mutant,False
975,TCGAGTTTACACTTTATGCTTCCGGCTCGTATAATGTGTGGTCCCTATCcGTcATAGAGA,lacUV5_tetO2 double mutant,False
976,TCGAGTTTACACTTTATGCTTCCGGCTCGTATAATGTGTGGTCCtTATCAGTGATAGAcA,lacUV5_tetO2 double mutant,False
977,TCGAGTTTACACTTTATGCTTCCGGCTCGTATAATGTGTGGTCCCTATgAGTGATtGAGA,lacUV5_tetO2 double mutant,False
978,TCGAGTTTACACTTTATGCTTCCGGCTCGTATAATGTGTGGTCCCTATCAGcGATAGAGt,lacUV5_tetO2 double mutant,False
979,TCGAGTTTACACTTTATGCTTCCGGCTCGTATAATGTGTGGTCCCTATCAGTGtTAGtGA,lacUV5_tetO2 double mutant,False
980,TCGAGTTTACACTTTATGCTTCCGGCTCGTATAATGTGTGGTCCCTATCAGTGATAcAcA,lacUV5_tetO2 double mutant,False
981,TCGAGTTTACACTTTATGCTTCCGGCTCGTATAATGTGTGGTCCCTATCAGTGATgGAGg,lacUV5_tetO2 double mutant,False
982,TCGAGTTTACACTTTATGCTTCCGGCTCGTATAATGTGTGGTCCCTcTCAGTGATAGAGc,lacUV5_tetO2 double mutant,False
983,TCGAGTTTACACTTTATGCTTCCGGCTCGTATAATGTGTGGTCCCcATCAGTGATAGAGc,lacUV5_tetO2 double mutant,False
984,TCGAGTTTACACTTTATGCTTCCGGCTCGTATAATGTGTGGTCCCTATCAaTGATgGAGA,lacUV5_tetO2 double mutant,False
985,TCGAGTTTACACTTTATGCTTCCGGCTCGTATAATGTGTGGTCtCTATCAGTGAgAGAGA,lacUV5_tetO2 double mutant,False
986,TCGAGTTTACACTTTATGCTTCCGGCTCGTATAATGTGTGGaCCCTATCAGTGAaAGAGA,lacUV5_tetO2 double mutant,False
987,TCGAGTTTACACTTTATGCTTCCGGCTCGTATAATGTGTGGTCCCgATCAGTGATAGAtA,lacUV5_tetO2 double mutant,False
988,TCGAGTTTACACTTTATGCTTCCGGCTCGTATAATGTGTGGTCgCTATCAcTGATAGAGA,lacUV5_tetO2 double mutant,False
989,TCGAGTTTACACTTTATGCTTCCGGCTCGTATAATGTGTGGTCCCTATCAcTGATAGAcA,lacUV5_tetO2 double mutant,False
990,TCGAGTTTACACTTTATGCTTCCGGCTCGTATAATGTGTGGTCCCTATtAGTGATgGAGA,lacUV5_tetO2 double mutant,False
991,TCGAGTTTACACTTTATGCTTCCGGCTCGTATAATGTGTGGTCgtTATCAGTGATAGAGA,lacUV5_tetO2 double mutant,False
992,TCGAGTTTACACTTTATGCTTCCGGCTCGTATAATGTGTGGTCCCgATCAaTGATAGAGA,lacUV5_tetO2 double mutant,False
993,TCGAGTTTACACTTTATGCTTCCGGCTCGTATAATGTGTGGTCCCTATCgGTGATAcAGA,lacUV5_tetO2 double mutant,False
994,TCGAGTTTACACTTTATGCTTCCGGCTCGTATAATGTGTGGaCCCTATCAGTGgTAGAGA,lacUV5_tetO2 double mutant,False
995,TCGAGTTTACACTTTATGCTTCCGGCTCGTATAATGTGTGGTCCCTATaAGTGcTAGAGA,lacUV5_tetO2 double mutant,False
996,TCGAGTTTACACTTTATGCTTCCGGCTCGTATAATGTGTGGTCCCaATCAGTGATAGAGt,lacUV5_tetO2 double mutant,False
997,TCGAGTTTACACTTTATGCTTCCGGCTCGTATAATGTGTGGTCCCTAgCAaTGATAGAGA,lacUV5_tetO2 double mutant,False
998,TCGAGTTTACACTTTATGCTTCCGGCTCGTATAATGTGTGGTtCCTATCAGTGATAGgGA,lacUV5_tetO2 double mutant,False
999,TCGAGTTTACACTTTATGCTTCCGGCTCGTATAATGTGTGGTCCCTATCAGgGATAGtGA,lacUV5_tetO2 double mutant,False
1000,TCGAGTTTACACTTTATGCTTCCGGCTCGTATAATGTGTGGTCCCTATCAaTGATAtAGA,lacUV5_tetO2 double mutant,False
1001,TCGAGTTTACACTTTATGCTTCCGGCTCGTATAATGTGTGGTCCCTATCAGTGAgtGAGA,lacUV5_tetO2 double mutant,False
1002,TCGAGTTTACACTTTATGCTTCCGGCTCGTATAATGTGTGGTCCCTAgCAGTGATAGAGt,lacUV5_tetO2 double mutant,False
1003,TCGAGTTTACACTTTATGCTTCCGGCTCGTATAATGTGTGGTCCCTtTCAGTGATAcAGA,lacUV5_tetO2 double mutant,False
1004,TCGAGTTTACACTTTATGCTTCCGGCTCGTATAATGTGTGGcCCCTATCtGTGATAGAGA,lacUV5_tetO2 double mutant,False
1005,TCGAGTTTACACTTTATGCTTCCGGCTCGTATAATGTGTGGTCCCTAgCAGaGATAGAGA,lacUV5_tetO2 double mutant,False
1006,TCGAGTTTACACTTTATGCTTCCGGCTCGTATAATGTGTGGTCCCTATCAGTtAgAGAGA,lacUV5_tetO2 double mutant,False
1007,TCGAGTTTACACTTTATGCTTCCGGCTCGTATAATGTGTGGTCCgTATCgGTGATAGAGA,lacUV5_tetO2 double mutant,False
1008,TCGAGTTTACACTTTATGCTTCCGGCTCGTATAATGTGTGGTCCCTATCAaTGATAGAtA,lacUV5_tetO2 double mutant,False
1009,TCGAGTTTACACTTTATGCTTCCGGCTCGTATAATGTGTGGaCCCTATCAGTGATAGAGt,lacUV5_tetO2 double mutant,False
1010,TCGAGTTTACACTTTATGCTTCCGGCTCGTATAATGTGTGGTCCCTATCcGTGATgGAGA,lacUV5_tetO2 double mutant,False
1011,TCGAGTTTACACTTTATGCTTCCGGCTCGTATAATGTGTGGaCCCTAcCAGTGATAGAGA,lacUV5_tetO2 double mutant,False
1012,TCGAGTTTACACTTTATGCTTCCGGCTCGTATAATGTGTGGTCCaTATCAGTGATAGAtA,lacUV5_tetO2 double mutant,False
1013,TCGAGTTTACACTTTATGCTTCCGGCTCGTATAATGTGTGGTCCCTATCAGTGcTAGAcA,lacUV5_tetO2 double mutant,False
