primer,seq
100_fwd,GCTTATTCGTGCCGTGTTAT
102_fwd,GTCGAGTCCTATGTAACCGT
103_fwd,GTAAGATGGAAGCCGGGATA
104_fwd,GGTGTCGCAACATGATCTAC
105_fwd,GTGCTAAGTCACACTGTTGG
106_fwd,TCTAAACAGTTAGGCCCAGG
107_fwd,GTCTTTATACTTGCCTGCCG
108_fwd,CACCGCGATCAATACAACTT
469_fwd,CCGTAGATAACACAACGCAG
765_fwd,TCGTCTTAGTACGATCGCAG
1074_fwd,GATTGGATAAATGGCCGCAG
1140_fwd,AATCTAAGACTCCGTCGCAG
2097_fwd,GGACCTAGCATCAAACGCAG
100_rev,TACTTTTGATTGCTGTGCCC
102_rev,CAGGGGTCGTCATATCTTCA
103_rev,CACCTCATAGAGCTGTGGAA
104_rev,CGGTTCCTAGTCATGTTTGC
105_rev,TTGTACTAATCTCGTCCCGG
106_rev,TTATGTTCACAACTGGCGTG
107_rev,TGGAACTGATTTGGCCTTTG
108_rev,TATAGTTCCTCCCATGCACC
349_rev,CCAACCAGAATCGAACGATC
468_rev,GTGACATCACACGGTTGATC
527_rev,AAGAGGGTCGTATTCCGATC
861_rev,CAGCTTTTGGACGATGGATC
1584_rev,AAAGCCCCACGGAATTGATC
200_rev,TCCTTGCTACTGTCCTTACG
201_rev,GGGTTCTCGGATTTTACACG
202_rev,GCTTCGGTGTATCGGAAATG
203_rev,TATCGTTTCGCTGGCTATCA
204_rev,TGGATAGTTGACCGTTCTCC
205_rev,TTTCACACATTGTCGGTTCC
206_rev,GTTAGCTCATTTATCGCCGG
207_rev,TTCAGCATATCTCCGTTGGT
208_rev,ACCTCCTCACTCCATTTAGC
209_rev,TGATACTCGACTCGCCATAC
210_rev,CACTATGAAGCACGTTACGG
211_rev,ACGTAGTTAAGGACCTTCCG
212_rev,TAAACGTAGGGAATGGCTGT
213_rev,CAAACGACGAATCGGACATT
214_rev,TTTCTTTGGCCTTCGTTAGC
215_rev,TTTGTAATGCTGGGACGTTG
