,seq,construct,forward_primers_0,reverse_primers_0
0,agattagctgccgatactggtCTATATTATGTGATCTAAATCACTTTTAAGTCAGAGTGAATAATGggcttgtcgacgacggcggtctccgtcgtcaggatcatTAATTCATATTGTACTGTTACGTTGTACAAACCTGTGCCAACGGGgatcaaccgtgtgatgtcac,orbit_TF_del_first_last_short,"(743, 0)","(469, 0)"
1,agattagctgccgatactggtGAGTCTGGCGGATGTCGACAGACTCTATTTTTTTATGCAGTTTTAatgatcctgacgacggagaccgccgtcgtcgacaagccCATGACGCCACCGATAACCGTTATTTATCAGACCAAAGAAACTGGgatcaaccgtgtgatgtcac,orbit_TF_del_first_last_short,"(743, 0)","(469, 0)"
2,agattagctgccgatactggtCGACGAAAATGTCCAGGAAAAATCCTGGAGTCAGATTCAGGGTTAatgatcctgacgacggagaccgccgtcgtcgacaagccCATATGTTCGTGAATTTACAGGCGTTAGATTTACATACATTTGTGgatcaaccgtgtgatgtcac,orbit_TF_del_first_last_short,"(743, 0)","(469, 0)"
3,agattagctgccgatactggtGTGGCTCTTGCCACGGTTCAGCATCGGCAAACAGATCCAACATTAatgatcctgacgacggagaccgccgtcgtcgacaagccCATAATCAGCTCCCTGGTTAAGGATAGCCTTTAGGCTGCCCGGTCgatcaaccgtgtgatgtcac,orbit_TF_del_first_last_short,"(743, 0)","(469, 0)"
4,agattagctgccgatactggtTTAGCGAGAACTGGTCTTTTATTCGCACTCAGGAGTACATGTATGggcttgtcgacgacggcggtctccgtcgtcaggatcatTGATTTTTAACCTTAACGAAGAGCTATATTAATAACGGCATCAGCgatcaaccgtgtgatgtcac,orbit_TF_del_first_last_short,"(743, 0)","(469, 0)"
5,agattagctgccgatactggtTGCCCGCCGAACGCATTCGTGTTGACCAGCGGGCATCCTTTCTCAatgatcctgacgacggagaccgccgtcgtcgacaagccCATAGTAAGTCCTTTCGTAAAACTTTCGTTTCATTTCGTTTTGCCgatcaaccgtgtgatgtcac,orbit_TF_del_first_last_short,"(743, 0)","(469, 0)"
6,agattagctgccgatactggtCATTTAGTTAATCGAAACCAGCGTCGCATCAGTCGTATACGCTTAatgatcctgacgacggagaccgccgtcgtcgacaagccCACTGTGTCTCCCTCCATCAATGGCAGTCACCATTAGTATGGTCAgatcaaccgtgtgatgtcac,orbit_TF_del_first_last_short,"(743, 0)","(469, 0)"
7,agattagctgccgatactggtGAATGCCGTGAAGCGAGTCCACGGCATTGCCTGACGCTTATATTAatgatcctgacgacggagaccgccgtcgtcgacaagccCATAATTATCCTGAAATCAAGCTAACGAAATATCGCCACCAGCTCgatcaaccgtgtgatgtcac,orbit_TF_del_first_last_short,"(743, 0)","(469, 0)"
8,agattagctgccgatactggtTTGTCAAAAAAACCCGCTCCGCAGAGCGGGATGCGACAGACATTAatgatcctgacgacggagaccgccgtcgtcgacaagccCATACCTACGTTAACTCCGACCTACAAGTGAGCATAAACAATGAAgatcaaccgtgtgatgtcac,orbit_TF_del_first_last_short,"(743, 0)","(469, 0)"
9,agattagctgccgatactggtGAAAATCACGCAACTTGCGGATTTAAAAGGGGATACCTGAAGATGggcttgtcgacgacggcggtctccgtcgtcaggatcatTAAAAATCAAGTTTCCTTGCGCGTTGGCGCGTAAAATAGCGCGCAgatcaaccgtgtgatgtcac,orbit_TF_del_first_last_short,"(743, 0)","(469, 0)"
10,agattagctgccgatactggtGGTGATATAGTGGCGTCTTCAATTCAAGGACAAGAGAACGTGATGggcttgtcgacgacggcggtctccgtcgtcaggatcatTAAGAAAAAGGTAATTCCGCCATCGCGGAGTTACCTGTCCCCTTAgatcaaccgtgtgatgtcac,orbit_TF_del_first_last_short,"(743, 0)","(469, 0)"
11,agattagctgccgatactggtTAATATTATAATTAACATGTAGACAACTTGTAATAAACATTATCAatgatcctgacgacggagaccgccgtcgtcgacaagccCATCTTGCACCTATCATAAAATTAAAACAAGTTGATAGTAGTCAAgatcaaccgtgtgatgtcac,orbit_TF_del_first_last_short,"(743, 0)","(469, 0)"
12,agattagctgccgatactggtATGCTACTCCGTCAAGCCGTCAATTGTCTGATTCGTTACCAATTAatgatcctgacgacggagaccgccgtcgtcgacaagccCATACTTTTCATACTCCCACCATTCAGAGAAGAAACCAATTGTCCgatcaaccgtgtgatgtcac,orbit_TF_del_first_last_short,"(743, 0)","(469, 0)"
13,agattagctgccgatactggtGTACTTCCTGTTTCGATTTAGTTGGCAATTTAGGTAGCAAACATGggcttgtcgacgacggcggtctccgtcgtcaggatcatTAATCGGCTTTACCACCGTCAAAAAAAACGGCGCTTTTTAGCGCCgatcaaccgtgtgatgtcac,orbit_TF_del_first_last_short,"(743, 0)","(469, 0)"
14,agattagctgccgatactggtCATAGTGCAGGAAAAAGCATTTACCAGGAGCAGACAACAGCAATGggcttgtcgacgacggcggtctccgtcgtcaggatcatTAATCCATCAAATAATGCCTGATAGCACATATCAGGCGTTGTCCTgatcaaccgtgtgatgtcac,orbit_TF_del_first_last_short,"(743, 0)","(469, 0)"
15,agattagctgccgatactggtGATGTCATCGACACTAGTGACGATGACATGTGATGACAATGTTTAatgatcctgacgacggagaccgccgtcgtcgacaagccCATCATTTTCATCCCTTTACACGCAATCAACGCAGTGTACTGCACgatcaaccgtgtgatgtcac,orbit_TF_del_first_last_short,"(743, 0)","(469, 0)"
16,agattagctgccgatactggtCACGCTTATTTTACCGATCAACCCGCAGGGAAATCAGACTGTATGggcttgtcgacgacggcggtctccgtcgtcaggatcatTAACACCAAAACTTGCTATGCAGAAATTTGCACAGTGCGCAATTTgatcaaccgtgtgatgtcac,orbit_TF_del_first_last_short,"(743, 0)","(469, 0)"
17,agattagctgccgatactggtTACAGTAGAGTTACCGCTGGAACGGGATTTACAGAGAGAAGTATGggcttgtcgacgacggcggtctccgtcgtcaggatcatTAGTTTTAGCGACATTATTTTGTTAGCCGGAGATGGCGTTCAGACgatcaaccgtgtgatgtcac,orbit_TF_del_first_last_short,"(743, 0)","(469, 0)"
18,agattagctgccgatactggtGGCTGCGGATGATATTCTGCAAACTTGCAGGAGAGTGAGTGAATGggcttgtcgacgacggcggtctccgtcgtcaggatcatTAATTGAATCTGATGCATTTTCTGCGCCGACCAATATCGCTGCGCgatcaaccgtgtgatgtcac,orbit_TF_del_first_last_short,"(743, 0)","(469, 0)"
19,agattagctgccgatactggtTTATCGGCAGGCGCTTTCCCGCCTTTCGGGTCAAGGCCCGCATCAatgatcctgacgacggagaccgccgtcgtcgacaagccCATTACAAAACCTGTTGACAGAAAGTTAAAACAGTTTTGTAATGCgatcaaccgtgtgatgtcac,orbit_TF_del_first_last_short,"(743, 0)","(469, 0)"
20,agattagctgccgatactggtCGCTTTAATAGATAAACACCGCTGATGAATGGAGTGGCGAAAATGggcttgtcgacgacggcggtctccgtcgtcaggatcatTAACCGAGGAGACGTGATGTCCCGAATGGCAGAACAGCAGCTTTAgatcaaccgtgtgatgtcac,orbit_TF_del_first_last_short,"(743, 0)","(469, 0)"
21,agattagctgccgatactggtAATGAAAGCACTGCCGGGGAAGTAAACCCGGCATCATGCGGATTAatgatcctgacgacggagaccgccgtcgtcgacaagccCATTCTGCGGCATCTCCATAAACAGAAGGCAAGTTAAGTTCTCTTgatcaaccgtgtgatgtcac,orbit_TF_del_first_last_short,"(743, 0)","(469, 0)"
22,agattagctgccgatactggtGACTACGCAAATAATTTGCAGGGGAGCGAATACTCCCCTTTCTTAatgatcctgacgacggagaccgccgtcgtcgacaagccCATGAAATTGTCTCCACTGCGCTCACTTCACCTGATGCACCAATAgatcaaccgtgtgatgtcac,orbit_TF_del_first_last_short,"(743, 0)","(469, 0)"
23,agattagctgccgatactggtCCTTCAGGTGTTGATGAGGCAAAAAGCCATTTTAGCAGTCTTTTAatgatcctgacgacggagaccgccgtcgtcgacaagccCATGCCTCGTCCCTCCATGGTAGTCGTAACGTTATTCGGGTGTAAgatcaaccgtgtgatgtcac,orbit_TF_del_first_last_short,"(743, 0)","(469, 0)"
24,agattagctgccgatactggtCAATTATCATTGCATCATTCCCTTTTCGAATGAGTTTCTATTATGggcttgtcgacgacggcggtctccgtcgtcaggatcatTAAGTAACTCCGGGTTGATTTATGCTCGGAAATATTTGTTGTTGAgatcaaccgtgtgatgtcac,orbit_TF_del_first_last_short,"(743, 0)","(469, 0)"
25,agattagctgccgatactggtAGCCAAATTCCTGAAAAGCCCGCTTTTATAGCGGGATTTTTGCTAatgatcctgacgacggagaccgccgtcgtcgacaagccCACGGTAAACTCCGGGCAGTTCAGATTTCCCGTTATTGTTAAAGTgatcaaccgtgtgatgtcac,orbit_TF_del_first_last_short,"(743, 0)","(469, 0)"
26,agattagctgccgatactggtTGAGGGGAATGAGCCAGCGCCGCCTCAACCTTAACGCATAACCTAatgatcctgacgacggagaccgccgtcgtcgacaagccCATAAGTCCTCCGTTATGCACGGCTTAGCATAAGGAAGTACGTAAgatcaaccgtgtgatgtcac,orbit_TF_del_first_last_short,"(743, 0)","(469, 0)"
27,agattagctgccgatactggtTCATAATCTTAATCAATCATTTGATTAAGAATGGACTGTGCGATGggcttgtcgacgacggcggtctccgtcgtcaggatcatTAGTGATGAAAAAACCTGTCGTGATCGGATTGGCGGTAGTGGTACgatcaaccgtgtgatgtcac,orbit_TF_del_first_last_short,"(743, 0)","(469, 0)"
28,agattagctgccgatactggtTCCAGCAACAGGACAGATATGTGAATTGTCAGGTATAACGACTTAatgatcctgacgacggagaccgccgtcgtcgacaagccCATCGACTCCTTATGCCTTCAGTTTTTCATGAAGCTCAATTAATTgatcaaccgtgtgatgtcac,orbit_TF_del_first_last_short,"(743, 0)","(469, 0)"
29,agattagctgccgatactggtTATAATAACCTTTCATTCACAGTCACCAGGTACAACGGCATCATGggcttgtcgacgacggcggtctccgtcgtcaggatcatTAAGTCGCAAAAAAAGCCCCTCAGCCTGAGCGAATGAGGGGCCAAgatcaaccgtgtgatgtcac,orbit_TF_del_first_last_short,"(743, 0)","(469, 0)"
30,agattagctgccgatactggtGACGTCTGATGACGTAATTTCTGCCTCGGAGGTATTTAAACAATGggcttgtcgacgacggcggtctccgtcgtcaggatcatTGATAGGCAGCTTAACCGCGCGCATCTTCGCCATCTTCTGGCTGAgatcaaccgtgtgatgtcac,orbit_TF_del_first_last_short,"(743, 0)","(469, 0)"
31,agattagctgccgatactggtCGCCAGAGGGAAATTCACCTGGCGCGTATTTTTGTTCGCGGCTTAatgatcctgacgacggagaccgccgtcgtcgacaagccCACAATTGCCCCTTGCGTAAAATGTAAAAACCATAGCCATTGTACgatcaaccgtgtgatgtcac,orbit_TF_del_first_last_short,"(743, 0)","(469, 0)"
32,agattagctgccgatactggtCCAGTAAAAAATAGCCCAGCAACAACCGCATGCCGATACGCATTAatgatcctgacgacggagaccgccgtcgtcgacaagccCATAAATCGCCTCTGTTATTGCCGCCACGGCATGACAGGAACCGCgatcaaccgtgtgatgtcac,orbit_TF_del_first_last_short,"(743, 0)","(469, 0)"
33,agattagctgccgatactggtTATCTGGCTCTGGAGAAAGCTTATAACAGAGGATAACCGCGCATGggcttgtcgacgacggcggtctccgtcgtcaggatcatTAATCCCGTCGGAGTGGCGCGTTACCTGGTAGCGCGCCATTTTGTgatcaaccgtgtgatgtcac,orbit_TF_del_first_last_short,"(743, 0)","(469, 0)"
34,agattagctgccgatactggtAGCTGTCAGGTGTGCGATCAATAAAAAAAGCGGGGTTTCATCATGggcttgtcgacgacggcggtctccgtcgtcaggatcatTAAAGCCATGAAACGTTATTTACGCTGGATTGTGGCGGCAGAATTgatcaaccgtgtgatgtcac,orbit_TF_del_first_last_short,"(743, 0)","(469, 0)"
35,agattagctgccgatactggtCTATGTGGCAAGGTATGAAGCCAGGTTAACGGTCACAAAAATCTAatgatcctgacgacggagaccgccgtcgtcgacaagccCATGAAAATTCCTCGAAAAACCATCACCCTGGCATTTTATACAAAgatcaaccgtgtgatgtcac,orbit_TF_del_first_last_short,"(743, 0)","(469, 0)"
36,agattagctgccgatactggtTCCCGCTACTCTAGAATTGCCCGGGCAACATGCGGAGGAAATATGggcttgtcgacgacggcggtctccgtcgtcaggatcatTAAGCCATTTCAGCGCCCGTTTTCGCTGGCAACCCGCCTGACCTTgatcaaccgtgtgatgtcac,orbit_TF_del_first_last_short,"(743, 0)","(469, 0)"
37,agattagctgccgatactggtTCATTTATGATGAGTTCCATTGGATTTACTTATAGGTTGCGAATGggcttgtcgacgacggcggtctccgtcgtcaggatcatTAGCCGCTGACACAGGTCTGCGGCTGGAATTGCCTGATGCGCTACgatcaaccgtgtgatgtcac,orbit_TF_del_first_last_short,"(743, 0)","(469, 0)"
38,agattagctgccgatactggtGCACCTTCGCTACATAAAAGGTGCCGAAAATAACGCAAGAAATTAatgatcctgacgacggagaccgccgtcgtcgacaagccCATGTTAAACCATCCACTTAGACGCCATCAGAACATCGTTTTTTCgatcaaccgtgtgatgtcac,orbit_TF_del_first_last_short,"(743, 0)","(469, 0)"
39,agattagctgccgatactggtACATGGATGTAGTACGCCTGACGTGCCAGGCGAGGAGTGAGTGTGggcttgtcgacgacggcggtctccgtcgtcaggatcatTAAAGTAAACCTTTAAGACTGCCGTGACTGGTCAAAGGCCCGCCGgatcaaccgtgtgatgtcac,orbit_TF_del_first_last_short,"(743, 0)","(469, 0)"
40,agattagctgccgatactggtATTTTTTGTCCAGATACCCTGGGACGGGGAGAGGTCGAACAGATGggcttgtcgacgacggcggtctccgtcgtcaggatcatTAACGGATCGCTGGTTATCTGTAAGTAATAATTATTACCGTAATGgatcaaccgtgtgatgtcac,orbit_TF_del_first_last_short,"(743, 0)","(469, 0)"
41,agattagctgccgatactggtGTAGTATTGAGCGGCTCGCTTCAATAACTATTCAGAGGGATTATGggcttgtcgacgacggcggtctccgtcgtcaggatcatTAATGACGTATAACCGGATGACGTTTCGCGCCATCCGGTTATCAGgatcaaccgtgtgatgtcac,orbit_TF_del_first_last_short,"(743, 0)","(469, 0)"
42,agattagctgccgatactggtGCAGATTGGTCGATCCCCAGTCAATTGCGATGTAGCGAGCTGTCAatgatcctgacgacggagaccgccgtcgtcgacaagccCATGGAGAGTCCTTGTGCTCTGTATGTTCTTCTCTACTTTACCCCgatcaaccgtgtgatgtcac,orbit_TF_del_first_last_short,"(743, 0)","(469, 0)"
43,agattagctgccgatactggtAAATACAGATCACTCTGATGTATCAGAAATCGTTTCTGTCTTTCAatgatcctgacgacggagaccgccgtcgtcgacaagccCATATCCCGCATCCCTTATGACAAAAGGTGTTCCGGCTCGCAATTgatcaaccgtgtgatgtcac,orbit_TF_del_first_last_short,"(743, 0)","(469, 0)"
44,agattagctgccgatactggtTCAGGTTTTAACCTGATATCAACCCGATAATTGAATCATTAATCAatgatcctgacgacggagaccgccgtcgtcgacaagccCATGATTCGTGTTTTATGTTTCACCAGTTACGGGGATTAATTCCTgatcaaccgtgtgatgtcac,orbit_TF_del_first_last_short,"(743, 0)","(469, 0)"
45,agattagctgccgatactggtGGTTTTAATAAATGCTCACGTTCTACGGTAAATTTCATAGGTTTAatgatcctgacgacggagaccgccgtcgtcgacaagccCACGGCGGACTCCACTCGAACAAAAGTCGATAATGACTAAGGCTGgatcaaccgtgtgatgtcac,orbit_TF_del_first_last_short,"(743, 0)","(469, 0)"
46,agattagctgccgatactggtAAATAGTAATGCCGGAGGCAAGTTTCCTCCGGCTTTATCATGTCAatgatcctgacgacggagaccgccgtcgtcgacaagccCATTAGGTTTCACTTTCGGAATATAGATTGAAAATAAGGTACCGCgatcaaccgtgtgatgtcac,orbit_TF_del_first_last_short,"(743, 0)","(469, 0)"
47,agattagctgccgatactggtGCAGGCCGAATAAGGCACACCAGGAACTCGTGGTTTTATTCATTAatgatcctgacgacggagaccgccgtcgtcgacaagccCATAATCACCTCATTTTTCGCTTAAGTGTAAAAAAATAGCGGCAAgatcaaccgtgtgatgtcac,orbit_TF_del_first_last_short,"(743, 0)","(469, 0)"
48,agattagctgccgatactggtCTACAATGGGGGCGCACATCAGGGAAAGTAAAAAAGGTAAACATGggcttgtcgacgacggcggtctccgtcgtcaggatcatTAAATCCCCTTACACACTGTCCGGCAATCGTTTTTGCCGGACAGTgatcaaccgtgtgatgtcac,orbit_TF_del_first_last_short,"(743, 0)","(469, 0)"
49,agattagctgccgatactggtGGAAACTGAATGCACCTGTAAAAATTACAGGTTTGGAAAGTAGTGggcttgtcgacgacggcggtctccgtcgtcaggatcatTAAACTCCAGGCAAGTTAGTTTTAAAAAATGACTCACTGGGACATgatcaaccgtgtgatgtcac,orbit_TF_del_first_last_short,"(743, 0)","(469, 0)"
50,agattagctgccgatactggtGGTTAACTGTGACGAACTGAATTTTCAGGACAGAATGTGAATTTAatgatcctgacgacggagaccgccgtcgtcgacaagccCATGATTAATTATTCAGGAAATAAATATATTCGACACAGAGTGAGgatcaaccgtgtgatgtcac,orbit_TF_del_first_last_short,"(743, 0)","(469, 0)"
51,agattagctgccgatactggtTAGATCCTTTGAGCGGAGTTTCTGATATCTGAGGAGTGCGAAATGggcttgtcgacgacggcggtctccgtcgtcaggatcatTGAAGGGCAAAGCGGAAACGGATAAGACGGGCATAAATGAGGAAGgatcaaccgtgtgatgtcac,orbit_TF_del_first_last_short,"(743, 0)","(469, 0)"
52,agattagctgccgatactggtGTTAAGTGAGTTTATTAAGGTCAGGGATTGGGTGTAACTCCCTCAatgatcctgacgacggagaccgccgtcgtcgacaagccCATGATGTTAATGCCGGGTGTTGTAGGACACCCGGCACCTCCGACgatcaaccgtgtgatgtcac,orbit_TF_del_first_last_short,"(743, 0)","(469, 0)"
53,agattagctgccgatactggtTACAGGGAGAAGGGAGATGCTTCATTGCAAAGGGAATAATCTATGggcttgtcgacgacggcggtctccgtcgtcaggatcatTAACCACATGAAGTTTTTACCCTATATTTTTCTTCTCTGTTGTGGgatcaaccgtgtgatgtcac,orbit_TF_del_first_last_short,"(743, 0)","(469, 0)"
54,agattagctgccgatactggtGGTATAACAAATATAGTCTGCCGTATCATGCCTGGAGCGCATATGggcttgtcgacgacggcggtctccgtcgtcaggatcatTGAAATTCCTGTCCGACAGGCGCTGCAATGCGCCTGTTTGTCTCGgatcaaccgtgtgatgtcac,orbit_TF_del_first_last_short,"(743, 0)","(469, 0)"
55,agattagctgccgatactggtACGCCAGCAGCAGCGTACCTCTATCTTGATTTGCTTGTTTCATTAatgatcctgacgacggagaccgccgtcgtcgacaagccCATACTGGATTGCTCCAGTATTGTGAATGAACGGTAACGCAATAAgatcaaccgtgtgatgtcac,orbit_TF_del_first_last_short,"(743, 0)","(469, 0)"
56,agattagctgccgatactggtAAAACCCCTCGTTTGAGGGGTTTGCTCTTTAAACGGAAGGGATTAatgatcctgacgacggagaccgccgtcgtcgacaagccCATAGTGAGATTTCCATAACACAGCAAAACAAAGTTGGACTCATCgatcaaccgtgtgatgtcac,orbit_TF_del_first_last_short,"(743, 0)","(469, 0)"
57,agattagctgccgatactggtAATGCAACAATAAAAATACATTTCACAGAGCGAAAACGTGCCATGggcttgtcgacgacggcggtctccgtcgtcaggatcatTAACTAATTGGCGTTGCATGTACTGCAACGCCAATTAGTTAAAACgatcaaccgtgtgatgtcac,orbit_TF_del_first_last_short,"(743, 0)","(469, 0)"
58,agattagctgccgatactggtAGCCGTCGAGCACTGCCTGCTGTTCCGTCTGGAGTATGGGTTATGggcttgtcgacgacggcggtctccgtcgtcaggatcatTAAGGAAAATAATTCTTATTTCGATTGTCCTTTTTACCCTTCTCGgatcaaccgtgtgatgtcac,orbit_TF_del_first_last_short,"(743, 0)","(469, 0)"
59,agattagctgccgatactggtGACCTTTTGCACCGCTTTGCGGTGCTTTCCTGGAAGAACAAAATGggcttgtcgacgacggcggtctccgtcgtcaggatcatTAACTGCAAATTGCCGGACAGATCTGCCTGTCCGGCATACTATTCgatcaaccgtgtgatgtcac,orbit_TF_del_first_last_short,"(743, 0)","(469, 0)"
60,agattagctgccgatactggtCGACCTAACGGAAAATTGTCCGCTCCTATGAGACTGGTAACTATGggcttgtcgacgacggcggtctccgtcgtcaggatcatTAATATTAATTATAATTGATCATAAATATCGCATCCGCTTTCGCCgatcaaccgtgtgatgtcac,orbit_TF_del_first_last_short,"(743, 0)","(469, 0)"
61,agattagctgccgatactggtACGTCGTTACCGCTGCTGGAATGTTGCGCCTCACCGTATCAGTTAatgatcctgacgacggagaccgccgtcgtcgacaagccCATGATCAGGCCCTTTTCTTGCGCAGCGCTTCTTCAGGCTGATTAgatcaaccgtgtgatgtcac,orbit_TF_del_first_last_short,"(743, 0)","(469, 0)"
62,agattagctgccgatactggtGAACTCCTGGTAGTCAAAGTTAAAGTGCGGCATTTACTGACGTTAatgatcctgacgacggagaccgccgtcgtcgacaagccCACGATAAACAGCCCTGCGTTATATGAGTTATCGGCATGATTATCgatcaaccgtgtgatgtcac,orbit_TF_del_first_last_short,"(743, 0)","(469, 0)"
63,agattagctgccgatactggtATGTTAAAATTGACAAATATCAATTACGGCTTGAGCAGACCTATGggcttgtcgacgacggcggtctccgtcgtcaggatcatTGATTTTTCCGCATAACTCACTATCCTTCTGTCATATCATTAAATgatcaaccgtgtgatgtcac,orbit_TF_del_first_last_short,"(743, 0)","(469, 0)"
64,agattagctgccgatactggtCCCTATAATCCGAGTAATTCATTCTTTATTTCAGGGTCGATTATGggcttgtcgacgacggcggtctccgtcgtcaggatcatTAACCGTAGGCCGGATAAGATGCGCCAGCATCGCATCCGGCGATGgatcaaccgtgtgatgtcac,orbit_TF_del_first_last_short,"(743, 0)","(469, 0)"
65,agattagctgccgatactggtGGAGAAAGTCAACGCGTTTAGCCAGTTCCGTCAGGTGGATTAATGggcttgtcgacgacggcggtctccgtcgtcaggatcatTGAACTGTGTCGGATGCGCCGCATCCGACACTGCATTTATCATCAgatcaaccgtgtgatgtcac,orbit_TF_del_first_last_short,"(743, 0)","(469, 0)"
66,agattagctgccgatactggtCCCGCATGACGCGGGCGGTTATCGAATGATGGGGTGAAAAATATGggcttgtcgacgacggcggtctccgtcgtcaggatcatTGACGGAAAGGGTAGCAGGCCGGAGACGACGCCCCGGCCTTGCCTgatcaaccgtgtgatgtcac,orbit_TF_del_first_last_short,"(743, 0)","(469, 0)"
67,agattagctgccgatactggtAGCAGGTGTGAGATCCTGACCAATATTCAAATGCGAAATATGTCAatgatcctgacgacggagaccgccgtcgtcgacaagccCATGATTATCCCTTATATTTCATACTGCGATTATTTCAATTTCAGgatcaaccgtgtgatgtcac,orbit_TF_del_first_last_short,"(743, 0)","(469, 0)"
68,agattagctgccgatactggtCCGGTCCCCTATGCCGGGTTTTTTTTATGTCTGAGTAAAACTCTAatgatcctgacgacggagaccgccgtcgtcgacaagccCATAGTTGACTTAATATTACATAAACATATTACTGTTTATTAATGgatcaaccgtgtgatgtcac,orbit_TF_del_first_last_short,"(743, 0)","(469, 0)"
69,agattagctgccgatactggtAACACTGAAAGAATGTAAGCGTTTACCCACTAAGGTATTTTCATGggcttgtcgacgacggcggtctccgtcgtcaggatcatTAACCGCAGTTAAAGCAATTCCAGCGCCAGTAATTCTTCGATGGTgatcaaccgtgtgatgtcac,orbit_TF_del_first_last_short,"(743, 0)","(469, 0)"
70,agattagctgccgatactggtCATTGTTAAGATACTGTGAAATCACTCACAGATTGAAAGCGGTTAatgatcctgacgacggagaccgccgtcgtcgacaagccCATATTCACTACCTGTTATGAGATTGCAGTAAATGACTGCTTGCTgatcaaccgtgtgatgtcac,orbit_TF_del_first_last_short,"(743, 0)","(469, 0)"
71,agattagctgccgatactggtAATCAGCATAAAACGGCTGGTCATGGTCGTACCCTACGTAAATTAatgatcctgacgacggagaccgccgtcgtcgacaagccCATGGCTATTAAACTTTGATGTTAAATGAATTTAACAATTAGATCgatcaaccgtgtgatgtcac,orbit_TF_del_first_last_short,"(743, 0)","(469, 0)"
72,agattagctgccgatactggtACCCGTTCATAATACGCGCTGATCATGATCAGGAGTCACACCATGggcttgtcgacgacggcggtctccgtcgtcaggatcatTAACTACTCTTCCGGAATACGCAACACTTGCCCCGGATAAATTTTgatcaaccgtgtgatgtcac,orbit_TF_del_first_last_short,"(743, 0)","(469, 0)"
73,agattagctgccgatactggtAAGAACAGAAAAATTGGTCCTACCTGTGCACGAGGTCCGGGAATGggcttgtcgacgacggcggtctccgtcgtcaggatcatTAGCTGGTATTAAATCTGCTTTTCATACAATCGGTAACGCTTGTAgatcaaccgtgtgatgtcac,orbit_TF_del_first_last_short,"(743, 0)","(469, 0)"
74,agattagctgccgatactggtGTTCTCGGTTTACCTGCCTATCAGGAAATAAAGGTGACGTTTATGggcttgtcgacgacggcggtctccgtcgtcaggatcatTGATTCACAGCTTGTGTGTAAAGATTGATTATTGAGCGCAAATTGgatcaaccgtgtgatgtcac,orbit_TF_del_first_last_short,"(743, 0)","(469, 0)"
75,agattagctgccgatactggtATACCTGGCGCGTTTTGGTCTGACGTGGGAAGCCGTGCAGGATCAatgatcctgacgacggagaccgccgtcgtcgacaagccCATTTATAAATCCCTGGAATTATTTTCGTTTTCGCGCATTGAGCGgatcaaccgtgtgatgtcac,orbit_TF_del_first_last_short,"(743, 0)","(469, 0)"
76,agattagctgccgatactggtCGCCTGTCTTTTGATCTGCTAAACGTAACACATAACGCCAATTCAatgatcctgacgacggagaccgccgtcgtcgacaagccCATCAGGAGTGACCTCATGGGTGGATGGCGCGGGCTTTTCACTCTgatcaaccgtgtgatgtcac,orbit_TF_del_first_last_short,"(743, 0)","(469, 0)"
77,agattagctgccgatactggtTGCCTTAAGTGTATAAGTGTGAGCTACTTCAAATTTGTGGGCTTAatgatcctgacgacggagaccgccgtcgtcgacaagccCATCGTCCTGAAGGTACAAAAGAGATAGATTCTCTTAGTTTAACAgatcaaccgtgtgatgtcac,orbit_TF_del_first_last_short,"(743, 0)","(469, 0)"
78,agattagctgccgatactggtAAAACTGAGATCCGCGACGCATGTTGCAAAAATAATGCGTAATTAatgatcctgacgacggagaccgccgtcgtcgacaagccCATCACCTTCCCCTTGTTATCGAAAAAACGTCTCAGCTGGTAGAAgatcaaccgtgtgatgtcac,orbit_TF_del_first_last_short,"(743, 0)","(469, 0)"
79,agattagctgccgatactggtAACATTTAAATCATAACGACAAATAATTTTGCGGAGAGCACTGTGggcttgtcgacgacggcggtctccgtcgtcaggatcatTAATATGAATGGCTGGCAAGGATGCCGGTAGAAGGATTTACTTCGgatcaaccgtgtgatgtcac,orbit_TF_del_first_last_short,"(743, 0)","(469, 0)"
80,agattagctgccgatactggtTAAAAAGCAAGGTTAAACGGACGGTTATAGATAGTCTTTTCATTAatgatcctgacgacggagaccgccgtcgtcgacaagccCATGAAAATAATATGCCATAAATCATATGTTATAGAAACAGCCTGgatcaaccgtgtgatgtcac,orbit_TF_del_first_last_short,"(743, 0)","(469, 0)"
81,agattagctgccgatactggtAAAAATTGCGTGAGAAGGATTTCTCATTAATAAGGACTGTTGATGggcttgtcgacgacggcggtctccgtcgtcaggatcatTAATCTGCTTTTGCAGGAGTATGCATGAGAAACAAACTCTCTTTCgatcaaccgtgtgatgtcac,orbit_TF_del_first_last_short,"(743, 0)","(469, 0)"
82,agattagctgccgatactggtGACGTAGAATGCCCGCAAGGGCGGCTGACAGAGTAAAACGTAATGggcttgtcgacgacggcggtctccgtcgtcaggatcatTGACATTCTCCAGCGTCGCACTGCGCCAACCGCCATTATCCCAGAgatcaaccgtgtgatgtcac,orbit_TF_del_first_last_short,"(743, 0)","(469, 0)"
83,agattagctgccgatactggtAAAATGAAAATGATTTCCACGATACAGAAAAAAGAGACTGTCATGggcttgtcgacgacggcggtctccgtcgtcaggatcatTGACTTTTTCTGGCGGGCAGAGGCAATATTCTGCCCATCATACCTgatcaaccgtgtgatgtcac,orbit_TF_del_first_last_short,"(743, 0)","(469, 0)"
84,agattagctgccgatactggtTTCGGGGGAAGATTGAAGATTCCCCCGACGTTGGGAGAAGTTATGggcttgtcgacgacggcggtctccgtcgtcaggatcatTAGGTTATTTTCTCTTCATTACACGTATTCTCTTTGCCGGACGTTgatcaaccgtgtgatgtcac,orbit_TF_del_first_last_short,"(743, 0)","(469, 0)"
85,agattagctgccgatactggtCACATTGCAATTTTTGCAACGTCAACATCGAGGGCTGTCCCTGTGggcttgtcgacgacggcggtctccgtcgtcaggatcatTGACGTTGTCGCGCGGGTAGGCCTGATAAGCGAAGCGCTATCAGGgatcaaccgtgtgatgtcac,orbit_TF_del_first_last_short,"(743, 0)","(469, 0)"
86,agattagctgccgatactggtGAGCTAAGCGGGAATAAACCGTTGGTTATCCCCGCGTCCTGATTAatgatcctgacgacggagaccgccgtcgtcgacaagccCATTTGCGCGTCCTTTGCAGTAATGCCCGTCAAATCCTTGACGGGgatcaaccgtgtgatgtcac,orbit_TF_del_first_last_short,"(743, 0)","(469, 0)"
87,agattagctgccgatactggtAAGAACCTGTCTGTTTGATATTCCGACAGGTTCTTACTCTCATCAatgatcctgacgacggagaccgccgtcgtcgacaagccCATTTATCACCTCATTGCGAGTGTTTTATAAAAATCAGAACTGTTgatcaaccgtgtgatgtcac,orbit_TF_del_first_last_short,"(743, 0)","(469, 0)"
88,agattagctgccgatactggtCCAGCAAACTGCCCCTGAACTTGAAGAATTTCATGAGGATATGTGggcttgtcgacgacggcggtctccgtcgtcaggatcatTGAATATTAATTTTAATACAGCCTGCCTTTTATTAATTAAAGCCGgatcaaccgtgtgatgtcac,orbit_TF_del_first_last_short,"(743, 0)","(469, 0)"
89,agattagctgccgatactggtGCATGATAGCGCCCGGAAGAGAGTCAATTCAGGGTGGTGAATGTGggcttgtcgacgacggcggtctccgtcgtcaggatcatTGAGCGCAACGCAATTAATGTGAGTTAGCTCACTCATTAGGCACCgatcaaccgtgtgatgtcac,orbit_TF_del_first_last_short,"(743, 0)","(469, 0)"
90,agattagctgccgatactggtAGAATAAACCAGACATTCATGTCTGACCTATTCTGCAATCAGTTAatgatcctgacgacggagaccgccgtcgtcgacaagccCATACTTAACTCCACTGTCACACTTAACTCCCTTTCCCTTATTGGgatcaaccgtgtgatgtcac,orbit_TF_del_first_last_short,"(743, 0)","(469, 0)"
91,agattagctgccgatactggtACAAACCGCGACGCCAGGCGGCATCGCGGTCTCAGAGATATGTTAatgatcctgacgacggagaccgccgtcgtcgacaagccCATTCCGCCCCCTGGGTGTATATACAGTTATGCTGTGAGTATATAgatcaaccgtgtgatgtcac,orbit_TF_del_first_last_short,"(743, 0)","(469, 0)"
92,agattagctgccgatactggtATGTTTTAAATCGGGTTTTAATGGACTCACAAGGAGGAAAATATGggcttgtcgacgacggcggtctccgtcgtcaggatcatTAAGTACGGATTAAAAACAGCAAACTATTAGCGGGTGCACGGTTTgatcaaccgtgtgatgtcac,orbit_TF_del_first_last_short,"(743, 0)","(469, 0)"
93,agattagctgccgatactggtCACCACGCTTCAGGCTTATGTCTTAACGTGGATGATTCCTTAATGggcttgtcgacgacggcggtctccgtcgtcaggatcatTGATTATTTCCGCAGCCAGCGATTATCGCGCCGCAGCGCAACGCAgatcaaccgtgtgatgtcac,orbit_TF_del_first_last_short,"(743, 0)","(469, 0)"
94,agattagctgccgatactggtTTTTTTACACTATTGTCTCAGGAATTATCTATCGTCCGTCGATTAatgatcctgacgacggagaccgccgtcgtcgacaagccCATATATTATCACTTACTGGCGGCTCATACTGAGCTGGTTAATGCgatcaaccgtgtgatgtcac,orbit_TF_del_first_last_short,"(743, 0)","(469, 0)"
95,agattagctgccgatactggtCTATACGTTCTCCATCATTCCCGGTAATAAGGTCATGCAAATTTAatgatcctgacgacggagaccgccgtcgtcgacaagccCATAATTCATTCTTCACTTTGAACATATTTAAATCTTTAATGCAAgatcaaccgtgtgatgtcac,orbit_TF_del_first_last_short,"(743, 0)","(469, 0)"
96,agattagctgccgatactggtATGCAAAAATGATATGGATTACCGGATTGCGAGAGAGCGCTAATGggcttgtcgacgacggcggtctccgtcgtcaggatcatTAAAAGCGACAGCATCCTCGGCATGGATCGCCGCGGTATCAAACAgatcaaccgtgtgatgtcac,orbit_TF_del_first_last_short,"(743, 0)","(469, 0)"
97,agattagctgccgatactggtTTGAGGAAAGGACACTACCAGGTATAGCAGATAAAGAGAGGATTAatgatcctgacgacggagaccgccgtcgtcgacaagccCATGCAGATGACCTACTCCCTGATTATGTGACAGATAAAACGTTTgatcaaccgtgtgatgtcac,orbit_TF_del_first_last_short,"(743, 0)","(469, 0)"
98,agattagctgccgatactggtAAAAATAATATTTCCTCATTTTCCACAGTGAAGTGATTAACTATGggcttgtcgacgacggcggtctccgtcgtcaggatcatTAAGTTTAGCCGGATAACGCGCCAGATCCGGCTTACATCTCTGCAgatcaaccgtgtgatgtcac,orbit_TF_del_first_last_short,"(743, 0)","(469, 0)"
99,agattagctgccgatactggtTGAGTAATTACCTTGATGCCCGGTATTTGCCGGGCATTTACTTTAatgatcctgacgacggagaccgccgtcgtcgacaagccCATTTTAATTCCTTCGCGTGTTTTCTGTCCAACCCTGCCTGCATGgatcaaccgtgtgatgtcac,orbit_TF_del_first_last_short,"(743, 0)","(469, 0)"
100,agattagctgccgatactggtACTCCTGCCATAATTCTGATATTCCAGGAAAGAGAGCCATCCATGggcttgtcgacgacggcggtctccgtcgtcaggatcatTAAAGACGATATCAGTATCAGCCAAAAAAATAGTTTAGCCGTCGAgatcaaccgtgtgatgtcac,orbit_TF_del_first_last_short,"(743, 0)","(469, 0)"
101,agattagctgccgatactggtTTCCTCAAGCGCAAATTATTCATGCCGAAGTGAAGGACTTTCATGggcttgtcgacgacggcggtctccgtcgtcaggatcatTAATAAACGTTGGCCAGTGCGGCTGTTGGTGCCAGATAGCCAGGTgatcaaccgtgtgatgtcac,orbit_TF_del_first_last_short,"(743, 0)","(469, 0)"
102,agattagctgccgatactggtCAGGTGCACCACGTTGTTTTAACTATAGAAATGTCAATTAATATGggcttgtcgacgacggcggtctccgtcgtcaggatcatTGACACCATCGAATGGCGCAAAACCTTTCGCGGTATGGCATGATAgatcaaccgtgtgatgtcac,orbit_TF_del_first_last_short,"(743, 0)","(469, 0)"
103,agattagctgccgatactggtAAATTGAGATAGCGCAAATTTTGGTAGAACAGTTAAAAAATGTTAatgatcctgacgacggagaccgccgtcgtcgacaagccCACCGCATACTCCCTATATTTTCGCGCTCCGAAATAATCTGTAGGgatcaaccgtgtgatgtcac,orbit_TF_del_first_last_short,"(743, 0)","(469, 0)"
104,agattagctgccgatactggtCGTCTAAAGTTAAACCGGGACCTCGCGAGCAAGGGTGAGACGATGggcttgtcgacgacggcggtctccgtcgtcaggatcatTAATGATTCGTTAACAAATGCGCTTTACTGTACAATCCTTTCGTTgatcaaccgtgtgatgtcac,orbit_TF_del_first_last_short,"(743, 0)","(469, 0)"
105,agattagctgccgatactggtATCGGGCATAATGGTTAAATTCGTATTAATGAGATACTAAAAATGggcttgtcgacgacggcggtctccgtcgtcaggatcatTAAGCACAAAAAAGGCCATCATACGATGGCCAACCATGTCGAAACgatcaaccgtgtgatgtcac,orbit_TF_del_first_last_short,"(743, 0)","(469, 0)"
106,agattagctgccgatactggtGTTCGTTTTCCGTCACAATAAGACTTTTGCCAGGACATTGTTATGggcttgtcgacgacggcggtctccgtcgtcaggatcatTAAGCGTGTTGACAATTTGTTATGAAACACGTATCCCTGTCAGTAgatcaaccgtgtgatgtcac,orbit_TF_del_first_last_short,"(743, 0)","(469, 0)"
107,agattagctgccgatactggtGGTTGTATCCGAGGCGGTAACCGCTTATAAAGCAATGCAATAATGggcttgtcgacgacggcggtctccgtcgtcaggatcatTAAGCAACGTCTGCTTACTGCCCCTCTACCTGCTTCGGCCGATAAgatcaaccgtgtgatgtcac,orbit_TF_del_first_last_short,"(743, 0)","(469, 0)"
108,agattagctgccgatactggtCACTAATTCAGGAAAATCTCAATCCAGTCGCTGCTTTATGCATCAatgatcctgacgacggagaccgccgtcgtcgacaagccCATCTTCCACTCTCCTGGGCTGGCAGCATAAATTCCGCTTAAGTTgatcaaccgtgtgatgtcac,orbit_TF_del_first_last_short,"(743, 0)","(469, 0)"
109,agattagctgccgatactggtAAATAATAAAAACCCGCATCTTATTCCATCCCGATATAACACTTAatgatcctgacgacggagaccgccgtcgtcgacaagccCATGTTGCCTCCGGTTTTTAAGAATCGGCCCAAGTGCCGCCATTAgatcaaccgtgtgatgtcac,orbit_TF_del_first_last_short,"(743, 0)","(469, 0)"
110,agattagctgccgatactggtAAAACTCATTTTATACCTCGCCTTTGAGCAGTTTCATCACGGTTAatgatcctgacgacggagaccgccgtcgtcgacaagccCATATCTCCCTCCGTATATCTCATTATAAGTCGTCGAACACGCTAgatcaaccgtgtgatgtcac,orbit_TF_del_first_last_short,"(743, 0)","(469, 0)"
111,agattagctgccgatactggtCATCGTTAACGGTAACGAGGTCGTAACTCAATAAGAGAAAGTATGggcttgtcgacgacggcggtctccgtcgtcaggatcatTAATGTGCTTTTATAGTGGCGCTTATTGTTGTCAATATTCTGGGTgatcaaccgtgtgatgtcac,orbit_TF_del_first_last_short,"(743, 0)","(469, 0)"
112,agattagctgccgatactggtATACAGAAAGCTTATAATGCGATCTGCTTCACTAAAGTGGCATTAatgatcctgacgacggagaccgccgtcgtcgacaagccCATTCTGTAAGGTCAGTGTGATTAACATCATCAGTGACATCCTATgatcaaccgtgtgatgtcac,orbit_TF_del_first_last_short,"(743, 0)","(469, 0)"
113,agattagctgccgatactggtTTATTCCCGAAAAAACTTTCACAGACGTCCAAGGAGATACCCATGggcttgtcgacgacggcggtctccgtcgtcaggatcatTGATTACGGTTCCCAGCGCAGTTCGTCGTTTGACAATGCATCGAAgatcaaccgtgtgatgtcac,orbit_TF_del_first_last_short,"(743, 0)","(469, 0)"
114,agattagctgccgatactggtCGCTCAAACATAATGATTCTAATAAAACCTCAGGAGACTACTATGggcttgtcgacgacggcggtctccgtcgtcaggatcatTAAAAATAGCCCGATGGATTTATCATCGGGCTGAGATTTATGACAgatcaaccgtgtgatgtcac,orbit_TF_del_first_last_short,"(743, 0)","(469, 0)"
115,agattagctgccgatactggtCTTTGCTTGCACTAGACCGACTGGTCTACTACACTCCAACGCATGggcttgtcgacgacggcggtctccgtcgtcaggatcatTAGCAGGCATTTTTTATCACCAGACGACCGGGAGCCTTTATGTCAgatcaaccgtgtgatgtcac,orbit_TF_del_first_last_short,"(743, 0)","(469, 0)"
116,agattagctgccgatactggtGATATAAATTAGATATATCTAATTAAGCAAAAGGAGGCTGATATGggcttgtcgacgacggcggtctccgtcgtcaggatcatTAATCGCCGCATCCGCCAGTGGCGCGGTGCAATTGCCGGATGCGAgatcaaccgtgtgatgtcac,orbit_TF_del_first_last_short,"(743, 0)","(469, 0)"
117,agattagctgccgatactggtACTAATCTATCTCCCCCACCTTAACTTTGGGGGAGCTGCCGATTAatgatcctgacgacggagaccgccgtcgtcgacaagccCATTTCTCTCCCTGATAACAATGAAAAGGGAGCCGTTTATGGCTCgatcaaccgtgtgatgtcac,orbit_TF_del_first_last_short,"(743, 0)","(469, 0)"
118,agattagctgccgatactggtTTTTAGGCGTAGCGCTGTTTCGCGGCGTACCGGTTGGGCCGCTTAatgatcctgacgacggagaccgccgtcgtcgacaagccCATTTTGTCCGAACTTAGCGATAATTTGTCATTTTAGCTTGATTCgatcaaccgtgtgatgtcac,orbit_TF_del_first_last_short,"(743, 0)","(469, 0)"
119,agattagctgccgatactggtCGGCGCAATAAACCTGCAGGATTTCTATCAGGCCGGGATTATTTAatgatcctgacgacggagaccgccgtcgtcgacaagccCATCTTTGCCTCACTGTCAATTTGACTATAGATATTGTCATATCGgatcaaccgtgtgatgtcac,orbit_TF_del_first_last_short,"(743, 0)","(469, 0)"
120,agattagctgccgatactggtAATCGTTACATCTGTCATGCTGTTCCTTCCTGCTACAGTTTATTAatgatcctgacgacggagaccgccgtcgtcgacaagccCATCGCGGGCTTTTCACCTCATCCAGACTATTAAAAGTGGGGAACgatcaaccgtgtgatgtcac,orbit_TF_del_first_last_short,"(743, 0)","(469, 0)"
121,agattagctgccgatactggtAAGCGTAGCGCATCAGGCTGATTTGGCGTTTATCATCAGTGATTAatgatcctgacgacggagaccgccgtcgtcgacaagccCATTTTATTCTCCGTAAATCATTCGCCTGCGCGGGGTTGCGATACgatcaaccgtgtgatgtcac,orbit_TF_del_first_last_short,"(743, 0)","(469, 0)"
122,agattagctgccgatactggtACGTACGGGCAAATGAACTTCGTGGCGAGAAGCGCAATCGCCTCAatgatcctgacgacggagaccgccgtcgtcgacaagccCATTGTTTGTACTCCCAAAGGTTCGCAACAATTTGTAAGCGTGTAgatcaaccgtgtgatgtcac,orbit_TF_del_first_last_short,"(743, 0)","(469, 0)"
123,agattagctgccgatactggtCCGACGATGGCGGAAGCCTATCGGGTAGCTGCGTTAAACGGTTTAatgatcctgacgacggagaccgccgtcgtcgacaagccCATTATCCATCCTCCATCGCCACGATAGTTCATGGCGATAGGTAGgatcaaccgtgtgatgtcac,orbit_TF_del_first_last_short,"(743, 0)","(469, 0)"
124,agattagctgccgatactggtGATGGACAAAACTCTCTTCTGGCACAACCGGAGTCAGACCGTCTAatgatcctgacgacggagaccgccgtcgtcgacaagccCATTCGCTTCAGTCTGTTGTTATTGTTGTGATTTATGAATCATAGgatcaaccgtgtgatgtcac,orbit_TF_del_first_last_short,"(743, 0)","(469, 0)"
125,agattagctgccgatactggtTGATTTACAACATCTTCTGGATAATTTTTACCAGAAAAATCACTAatgatcctgacgacggagaccgccgtcgtcgacaagccCATGAGTTCCTGTCTTAAGCCACTTGCCGAAGTCAATTGGTCTTAgatcaaccgtgtgatgtcac,orbit_TF_del_first_last_short,"(743, 0)","(469, 0)"
126,agattagctgccgatactggtTACGTTAAGAGAAGAATTAAATTAATGTATCAGCAAGTAGTGCTAatgatcctgacgacggagaccgccgtcgtcgacaagccCATTCAGTATCTCCATGCAATCTATTAATCATTTAAATGATAGGTgatcaaccgtgtgatgtcac,orbit_TF_del_first_last_short,"(743, 0)","(469, 0)"
127,agattagctgccgatactggtGTTGCGTAAGCACTTTATCTGATAAGCGAGGCATTGATATCTATGggcttgtcgacgacggcggtctccgtcgtcaggatcatTGAATGCACGCAGATACCGCGACCCGCCAGCACTGGATGTCCGTGgatcaaccgtgtgatgtcac,orbit_TF_del_first_last_short,"(743, 0)","(469, 0)"
128,agattagctgccgatactggtTAAGAAATCATAAGCCCTGCTCTGCGTCCGATGAGCAAGGCGTTAatgatcctgacgacggagaccgccgtcgtcgacaagccCATGATTTGCCCTGTTGTAATAAATAGGTTGCGATCATTAATGCGgatcaaccgtgtgatgtcac,orbit_TF_del_first_last_short,"(743, 0)","(469, 0)"
129,agattagctgccgatactggtCGCGTTACACTATTTTAATAATTAAGACAGGGAGAAATAAAAATGggcttgtcgacgacggcggtctccgtcgtcaggatcatTGATGAAAAAATTACTGCGTCTTTTTTTCCCGCTCTCGCTGCGGGgatcaaccgtgtgatgtcac,orbit_TF_del_first_last_short,"(743, 0)","(469, 0)"
130,agattagctgccgatactggtCCAACGAAGGAAATGTTAAAGTTTTGGCACTTGTCCAAAGCGTTAatgatcctgacgacggagaccgccgtcgtcgacaagccCATTTTGTCGCGTCCTGATGGTAGCGCAAAGTGTGCCGTAGTTCAgatcaaccgtgtgatgtcac,orbit_TF_del_first_last_short,"(743, 0)","(469, 0)"
131,agattagctgccgatactggtAGACTAAACCCAATATTCGGTTTCTTAACTTTGCGGTGCGCTATGggcttgtcgacgacggcggtctccgtcgtcaggatcatTGAACTGCCGAATGCAGCGCGAACGCTTTATCCGGCATAAATTTCgatcaaccgtgtgatgtcac,orbit_TF_del_first_last_short,"(743, 0)","(469, 0)"
132,agattagctgccgatactggtGGATGAGTTAGCGAATTACACTAACAAGTGGCGAATTTCATCATGggcttgtcgacgacggcggtctccgtcgtcaggatcatTAGCGAAGTTGAGCAATACAACTTGCCGGATGCGGCGTGAATGCTgatcaaccgtgtgatgtcac,orbit_TF_del_first_last_short,"(743, 0)","(469, 0)"
133,agattagctgccgatactggtCGATTTTGCAGGAGCTGAAGTTAGGGTCTGGAGTGAAATGGAATGggcttgtcgacgacggcggtctccgtcgtcaggatcatTAATCACCCGTTGCGGGAGTCTCTTCCGGCTCCCGCAGCCACTCCgatcaaccgtgtgatgtcac,orbit_TF_del_first_last_short,"(743, 0)","(469, 0)"
134,agattagctgccgatactggtATAACGTTAAGTTGCACCTTTCTGAACAACAGGAGTAATGGCATGggcttgtcgacgacggcggtctccgtcgtcaggatcatTAAACAGGTAGCCGGAGGATGTTACAACCTCCTCCGGCATCTTTAgatcaaccgtgtgatgtcac,orbit_TF_del_first_last_short,"(743, 0)","(469, 0)"
135,agattagctgccgatactggtCGCCTCACAGGCTACGTTATTGCTTTGAGCCGGAGTGATATTGTGggcttgtcgacgacggcggtctccgtcgtcaggatcatTAATCGGGAACTTTCATGAAAGCACCAGGCTTGCCCGCCGATCAAgatcaaccgtgtgatgtcac,orbit_TF_del_first_last_short,"(743, 0)","(469, 0)"
136,agattagctgccgatactggtCGGTTTACTGGCAGCAAATACGGTTATCGCAGGGATGAAAAAATGggcttgtcgacgacggcggtctccgtcgtcaggatcatTGAAATTTACCCAACGTCTTAGTCTGCGCGTCAGGCTGACGCTAAgatcaaccgtgtgatgtcac,orbit_TF_del_first_last_short,"(743, 0)","(469, 0)"
137,agattagctgccgatactggtGGTGGTTATTGCCTGCAATTAAAGATATAGAGCCGAACACATATGggcttgtcgacgacggcggtctccgtcgtcaggatcatTAACGGAGCCGAAAATGGGGATGGAAAACTACAATCCACCGCAGGgatcaaccgtgtgatgtcac,orbit_TF_del_first_last_short,"(743, 0)","(469, 0)"
138,agattagctgccgatactggtAAACAACCGATGGTAATAATTTGATCAAAAGACAGCGTAAATCTAatgatcctgacgacggagaccgccgtcgtcgacaagccCAAGCGTCACCTCTGCCTGTCTAAAAATGCGTCGATCTCTTCACGgatcaaccgtgtgatgtcac,orbit_TF_del_first_last_short,"(743, 0)","(469, 0)"
139,agattagctgccgatactggtTGCGCGTTACTGTTTCGCTGTGAACAACAATCGGTCAAAGAAATGggcttgtcgacgacggcggtctccgtcgtcaggatcatTGACCGACTATACTTTTTAAGAATGACCACGACAGAAGGACAAAAgatcaaccgtgtgatgtcac,orbit_TF_del_first_last_short,"(743, 0)","(469, 0)"
140,agattagctgccgatactggtCGGAATGCGGATTATCTTTGCCCTGATTTCTGGCGGTTTTATTCAatgatcctgacgacggagaccgccgtcgtcgacaagccCATATCAGACTCCTGAGTGGTTTTTGATTACAAACACCAACAATCgatcaaccgtgtgatgtcac,orbit_TF_del_first_last_short,"(743, 0)","(469, 0)"
141,agattagctgccgatactggtAGGTAAGGGGAATTATCGTTACGCATTGAGTGAGGGTATGCCATGggcttgtcgacgacggcggtctccgtcgtcaggatcatTAACACATTCTGACTGGTGGTTTCCCACCAGTCAGGCTGAATAAGgatcaaccgtgtgatgtcac,orbit_TF_del_first_last_short,"(743, 0)","(469, 0)"
142,agattagctgccgatactggtACAGTTATGTCAAGAGCTTGCTGTAGCAAGGTAGCCTATTACATGggcttgtcgacgacggcggtctccgtcgtcaggatcatTAATCACCTGTAGGCCAGATAAGACGCGTTAGTGTCTTATCTGGCgatcaaccgtgtgatgtcac,orbit_TF_del_first_last_short,"(743, 0)","(469, 0)"
143,agattagctgccgatactggtGATTATTGTCGCCGCTAACATCGTCGGCATCGGCATGGCGAATTAatgatcctgacgacggagaccgccgtcgtcgacaagccCACCGTGGCTACCTCGGCCAGAGAACGAAGTTGATTATTCGCAATgatcaaccgtgtgatgtcac,orbit_TF_del_first_last_short,"(743, 0)","(469, 0)"
144,agattagctgccgatactggtTTATTCGCAATATGGCGTACAAATACGTTGAGAAGATTCGCGTTAatgatcctgacgacggagaccgccgtcgtcgacaagccCATACTGGCCTCCTGATGTCGTCAACACGGCGAAATAGTAATCACgatcaaccgtgtgatgtcac,orbit_TF_del_first_last_short,"(743, 0)","(469, 0)"
145,agattagctgccgatactggtCCTGATGTCAGGTGCTCGTTGTTGAAAGGATGAGGATATTTTATGggcttgtcgacgacggcggtctccgtcgtcaggatcatTAACGCTGCAGCTCATCTAATGCAGGGGCGTCCAGATGCGAGATGgatcaaccgtgtgatgtcac,orbit_TF_del_first_last_short,"(743, 0)","(469, 0)"
146,agattagctgccgatactggtCGCCCAACACCAACCTCATGAAATAAGTGTGGATACCGTCTTATGggcttgtcgacgacggcggtctccgtcgtcaggatcatTAATCGGTAGGCCGGATCAGGCGTTACGCCGCACCCGGCACTAGGgatcaaccgtgtgatgtcac,orbit_TF_del_first_last_short,"(743, 0)","(469, 0)"
147,agattagctgccgatactggtCTTTCTGCATGCCTAATACCCTTATCCAGTATCCCGCTATCGTCAatgatcctgacgacggagaccgccgtcgtcgacaagccCATCCGAGGTAAAGTCTCCCCAAACCAAATTTCCACGCGCTATCGgatcaaccgtgtgatgtcac,orbit_TF_del_first_last_short,"(743, 0)","(469, 0)"
148,agattagctgccgatactggtACCCCGGACTCTCATCCAGGGTTCTCTGCTTAATAGCGGAAATTAatgatcctgacgacggagaccgccgtcgtcgacaagccCATTCAAATCCTCTCAATCGATATCTTCTGGCGCTTCAGTGGTAGgatcaaccgtgtgatgtcac,orbit_TF_del_first_last_short,"(743, 0)","(469, 0)"
149,agattagctgccgatactggtTAGAAGTTTGCGACGTTTTAGCAGGAGAGTACGATTCTGAACATGggcttgtcgacgacggcggtctccgtcgtcaggatcatTGACCCAACCGATAAGGAAGACACTATGCAGCTCAACATTACCGGgatcaaccgtgtgatgtcac,orbit_TF_del_first_last_short,"(743, 0)","(469, 0)"
150,agattagctgccgatactggtGGCCAGCCTCGCTTGAGACTGGCCTTTCTGACAGATGCTTACTTAatgatcctgacgacggagaccgccgtcgtcgacaagccCATAAGGTGGCTCCTACCCGTGATCCCTTGACGGAACATTCAAGCgatcaaccgtgtgatgtcac,orbit_TF_del_first_last_short,"(743, 0)","(469, 0)"
151,agattagctgccgatactggtAGCGCGGTGTATTGTGACGTTTTTATATCTACCGTGAATGTTATGggcttgtcgacgacggcggtctccgtcgtcaggatcatTAAGCGATGAAAAAACTGTTTATCCAGTTTTACCTGTTATTGTTTgatcaaccgtgtgatgtcac,orbit_TF_del_first_last_short,"(743, 0)","(469, 0)"
152,agattagctgccgatactggtTTTACCGATAATGAAATATCGTCTTTTATAAGGATATCTAAGATGggcttgtcgacgacggcggtctccgtcgtcaggatcatTGAATATGGTGGTCCGTCAGCACCTGCATCACGCTTACTGGCGGCgatcaaccgtgtgatgtcac,orbit_TF_del_first_last_short,"(743, 0)","(469, 0)"
153,agattagctgccgatactggtTAAACAGGTAGCCGGAGGATGTTACAACCTCCTCCGGCATCTTTAatgatcctgacgacggagaccgccgtcgtcgacaagccCATGCGCTCTCCCCTCTTGTAGATTGGCAACAGGATAGCAAAACCgatcaaccgtgtgatgtcac,orbit_TF_del_first_last_short,"(743, 0)","(469, 0)"
154,agattagctgccgatactggtTTCAGCCGGTTTTTGCATCTGGCACGCAGGACAGAAAAGAGATCAatgatcctgacgacggagaccgccgtcgtcgacaagccCATAGTAAACCGCAACGCCCCTGAGAGTGAGTATCATTTATAATGgatcaaccgtgtgatgtcac,orbit_TF_del_first_last_short,"(743, 0)","(469, 0)"
155,agattagctgccgatactggtGCTAAAACGCTGGGCGCTAACGCAATAACAAGGATTGTCGCAATGggcttgtcgacgacggcggtctccgtcgtcaggatcatTAGTAAAGTAAGTAACTGGTTAATTTACATTCTGGTCGCGTGCGCgatcaaccgtgtgatgtcac,orbit_TF_del_first_last_short,"(743, 0)","(469, 0)"
156,agattagctgccgatactggtCCTTAGCTCAATTCGCCACCCTGTAAGAGGAGATTGTTTCTGATGggcttgtcgacgacggcggtctccgtcgtcaggatcatTGATAAGTAAGTTCATTCGAGAGGGATTTCAAGCAAAAATAATCAgatcaaccgtgtgatgtcac,orbit_TF_del_first_last_short,"(743, 0)","(469, 0)"
157,agattagctgccgatactggtGGAAAATAAAATTGCTGTCTTTTGCACAGGAGTTCCCCTTTTATGggcttgtcgacgacggcggtctccgtcgtcaggatcatTGATTGCTGGTTGATAACAAAATCACTACACTAACGCCGTTCTCAgatcaaccgtgtgatgtcac,orbit_TF_del_first_last_short,"(743, 0)","(469, 0)"
158,agattagctgccgatactggtGCGAAGTTATCATTTTGAAACCTAAATCAGGTAATCACGCCCATGggcttgtcgacgacggcggtctccgtcgtcaggatcatTGAAGCACTACTGAACGCGGGACGTCAGACGTTAATGCTGGAGTTgatcaaccgtgtgatgtcac,orbit_TF_del_first_last_short,"(743, 0)","(469, 0)"
159,agattagctgccgatactggtTGATTGCATTACTGCCTGAGATTGGTCGTCTGCAACGCCAGATTAatgatcctgacgacggagaccgccgtcgtcgacaagccCATAAAATTCCTTTTAAAATCATAACATAAAAGAATGATTCACATgatcaaccgtgtgatgtcac,orbit_TF_del_first_last_short,"(743, 0)","(469, 0)"
160,agattagctgccgatactggtGACAGACAGGTGGATTATTTATGTTTAAATAAAAACAAATAACTAatgatcctgacgacggagaccgccgtcgtcgacaagccCATAACGACCTACGTTAATTACCTCATTGACGGCATGAAGTGTATgatcaaccgtgtgatgtcac,orbit_TF_del_first_last_short,"(743, 0)","(469, 0)"
161,agattagctgccgatactggtCACGTAGAAAGATTAATTATCCTTCTGAAAATAGTGAAATTATTAatgatcctgacgacggagaccgccgtcgtcgacaagccCATCGTTTTTGCTACTCGTTAGTTACTGCAGTAGAGGATTTTTTAgatcaaccgtgtgatgtcac,orbit_TF_del_first_last_short,"(743, 0)","(469, 0)"
162,agattagctgccgatactggtCAGAATATGAACAGATATGAACAGAATGAGTAAAACCCTCTGATGggcttgtcgacgacggcggtctccgtcgtcaggatcatTGATAAAAATAGACCGGACGAAATCCCCCTGGTGACAGCGAGCGGgatcaaccgtgtgatgtcac,orbit_TF_del_first_last_short,"(743, 0)","(469, 0)"
163,agattagctgccgatactggtTAAACTCAGCGCGGATTTACTGGTGACGCAACATGGTGAAGGTTAatgatcctgacgacggagaccgccgtcgtcgacaagccCATGATAGCCTCATCAATAATAAGGCTTTATGCTAGATGCATTCCgatcaaccgtgtgatgtcac,orbit_TF_del_first_last_short,"(743, 0)","(469, 0)"
164,agattagctgccgatactggtGTTAGGCTCAAATAATTAAACAACACGTTACAGGACAACAGGATGggcttgtcgacgacggcggtctccgtcgtcaggatcatTGATCGTTTCCTGAACGATAAATTGTGATCTTCGCTGCGTTTCGGgatcaaccgtgtgatgtcac,orbit_TF_del_first_last_short,"(743, 0)","(469, 0)"
165,agattagctgccgatactggtAAAAGAAAGCGCGAAAAGGATCCCGAGTGATTTCTGGTGGATCTAatgatcctgacgacggagaccgccgtcgtcgacaagccCATCGTTAATTATCCGCAGTTGTGATAAGCGCAGTGTATTTCGCAgatcaaccgtgtgatgtcac,orbit_TF_del_first_last_short,"(743, 0)","(469, 0)"
166,agattagctgccgatactggtTTAATATGCCTGATGGTGTTGCACCATCAGGCATATTCGCGCTTAatgatcctgacgacggagaccgccgtcgtcgacaagccCATGGGAACCTTCACCTGAAAAAAGAACAATTAATATGATGATATgatcaaccgtgtgatgtcac,orbit_TF_del_first_last_short,"(743, 0)","(469, 0)"
167,agattagctgccgatactggtAGCAGGCAATAACGGTAATTAAGCGGGAGAACAACGTCTTCATCAatgatcctgacgacggagaccgccgtcgtcgacaagccCATGGTCTTGTCCTGGCGGGTAAAAAAAATACGCGCTTACCTTAAgatcaaccgtgtgatgtcac,orbit_TF_del_first_last_short,"(743, 0)","(469, 0)"
168,agattagctgccgatactggtCGCGGGCACAGTTATCACCAGCCCGCCGAAAAAGAGAGAGAATCAatgatcctgacgacggagaccgccgtcgtcgacaagccCATTAAACCATTATAGTTAGCGTGAATAACTAGTTTACCGCGTTGgatcaaccgtgtgatgtcac,orbit_TF_del_first_last_short,"(743, 0)","(469, 0)"
169,agattagctgccgatactggtTCAAATATCATCTAAAAAAATCAAATTTTATCGGAATAGCTCATGggcttgtcgacgacggcggtctccgtcgtcaggatcatTAAAGATGCTGGCGGAAAAATGTCACGGCAGCATCTAACGCCTCAgatcaaccgtgtgatgtcac,orbit_TF_del_first_last_short,"(743, 0)","(469, 0)"
170,agattagctgccgatactggtTGGTTACGGTTTTTAAAAACGCTTTTGCGTCAAACTGATCACTCAatgatcctgacgacggagaccgccgtcgtcgacaagccCAAAGGAATATCTCCAGAAATAGGGATAACGCTACTGATAGTTAGgatcaaccgtgtgatgtcac,orbit_TF_del_first_last_short,"(743, 0)","(469, 0)"
171,agattagctgccgatactggtGAAAGCGCAAGGAACGTTTACCCTTGCGCTTATTATAATAAGTCAatgatcctgacgacggagaccgccgtcgtcgacaagccCATGGTGTTGTGTCCGTTAGGTGCGGTTAATCAAATTTTTGCCGGgatcaaccgtgtgatgtcac,orbit_TF_del_first_last_short,"(743, 0)","(469, 0)"
172,agattagctgccgatactggtCACTTAGCAGACTACTATTTCCGGCAATTCCTGTCTCCTCACCTAatgatcctgacgacggagaccgccgtcgtcgacaagccCATAATTAAGTGCTCCATATAATAAATACATCGTATTAAATTATCgatcaaccgtgtgatgtcac,orbit_TF_del_first_last_short,"(743, 0)","(469, 0)"
173,agattagctgccgatactggtTACCGGTTTTGAGTTTTTGCATGATTCAGCAGGAAAAGAACCATGggcttgtcgacgacggcggtctccgtcgtcaggatcatTAGCGATGATGAGAATTGTCGGCGTCACATCAGGTAACGCTGCGTgatcaaccgtgtgatgtcac,orbit_TF_del_first_last_short,"(743, 0)","(469, 0)"
174,agattagctgccgatactggtGGTACGTTTTCGCCTTAATTCCAGCGTGGACATGCCAGCATTATGggcttgtcgacgacggcggtctccgtcgtcaggatcatTGAGCCGTTAGACCGGCTCGTAGGTGAAGTAGTCGAAGTCCGCGTgatcaaccgtgtgatgtcac,orbit_TF_del_first_last_short,"(743, 0)","(469, 0)"
175,agattagctgccgatactggtATAAATTCAAAATATCTCTTCTATTTTGCAACAGGAGCAAAAATGggcttgtcgacgacggcggtctccgtcgtcaggatcatTAATCCCATTCAGGAGCCAGACCTTCCGGGCTAACCAGGCGGTCGgatcaaccgtgtgatgtcac,orbit_TF_del_first_last_short,"(743, 0)","(469, 0)"
176,agattagctgccgatactggtTAGCTGGAGAAATTCATAGTAGATAATGGCGAGAATGGTTTAATGggcttgtcgacgacggcggtctccgtcgtcaggatcatTAATCGCTGCCAACCTCCCGATGCGCTGTGAATAGCGGTTTACATgatcaaccgtgtgatgtcac,orbit_TF_del_first_last_short,"(743, 0)","(469, 0)"
177,agattagctgccgatactggtAAGTGAATATATCATGGAAGAAAAATATAACCGGAGTAGTGTATGggcttgtcgacgacggcggtctccgtcgtcaggatcatTGATATATAACTACAGACAGCTACTATAACTTTCATCTATTTATTgatcaaccgtgtgatgtcac,orbit_TF_del_first_last_short,"(743, 0)","(469, 0)"
178,agattagctgccgatactggtTTTTAAATATTATTTTTCCATGAATAAAATTGGAGTAAGTGCGTGggcttgtcgacgacggcggtctccgtcgtcaggatcatTGAAAAAGTATTGTTACAGCCAGATCACAGCGCAGAACGATAAAAgatcaaccgtgtgatgtcac,orbit_TF_del_first_last_short,"(743, 0)","(469, 0)"
179,agattagctgccgatactggtGCCAGCCACCCAAAATCGTCGCTTCCATTTTCCGGAGTAATAATGggcttgtcgacgacggcggtctccgtcgtcaggatcatTAATACACCGGCGCAGGAGAGACTGCGCCGGGTAAATCAGCGGTTgatcaaccgtgtgatgtcac,orbit_TF_del_first_last_short,"(743, 0)","(469, 0)"
180,agattagctgccgatactggtAAACGTGATGATTCAGGATGAGTTAATGAAGGATTTTCACTAATGggcttgtcgacgacggcggtctccgtcgtcaggatcatTAATTATTTACTATTCGCTTTACGCGCCAGCAGCGGGAATATCAGgatcaaccgtgtgatgtcac,orbit_TF_del_first_last_short,"(743, 0)","(469, 0)"
181,agattagctgccgatactggtTATTTTTTTATTAAGTATTATAACGTTATAAGAATTACAGCGATGggcttgtcgacgacggcggtctccgtcgtcaggatcatTAACCATTTCCCTTCTCTACGGATGATTTGCAGTTTGGCAAATCAgatcaaccgtgtgatgtcac,orbit_TF_del_first_last_short,"(743, 0)","(469, 0)"
182,agattagctgccgatactggtATAAGATGTGCAGCATTCACGTTCGGACGGAGTTCCTGACCTATGggcttgtcgacgacggcggtctccgtcgtcaggatcatTAAATACCAGCTACCTTGCCTGAATGCCAGATGCGATGCTAGCGCgatcaaccgtgtgatgtcac,orbit_TF_del_first_last_short,"(743, 0)","(469, 0)"
183,agattagctgccgatactggtACTTCACTTGTCAGCGACACCGCTTCGTTTTTAACATCGCTTATGggcttgtcgacgacggcggtctccgtcgtcaggatcatTGAAAGGTGAAGGGATCTGTCGATCCCTCCTTGAACATTTTCACAgatcaaccgtgtgatgtcac,orbit_TF_del_first_last_short,"(743, 0)","(469, 0)"
184,agattagctgccgatactggtAATTCATATTACCCAATCTAAGAGGAATTAAATTAAACGCTATTAatgatcctgacgacggagaccgccgtcgtcgacaagccCATTATCGAATCGTAATTATGTGCAGATGATTCGGCAGTCTATATgatcaaccgtgtgatgtcac,orbit_TF_del_first_last_short,"(743, 0)","(469, 0)"
185,agattagctgccgatactggtAAAAAAGTATCGATAAAAACTTTATTGTTTTAAGGAGATAAAATGggcttgtcgacgacggcggtctccgtcgtcaggatcatTGATTATTTGCTAACGAGTAGTCAACCACACACGCTGCGTAAGAAgatcaaccgtgtgatgtcac,orbit_TF_del_first_last_short,"(743, 0)","(469, 0)"
186,agattagctgccgatactggtGTGGTAGACTCATGCAGTTAACTCACTCACAAGCAAGAACGAATGggcttgtcgacgacggcggtctccgtcgtcaggatcatTAATTCATTTCCTCTCATCCCATCCGGGGTGAGAGTCTTTTCCCCgatcaaccgtgtgatgtcac,orbit_TF_del_first_last_short,"(743, 0)","(469, 0)"
187,agattagctgccgatactggtACGCCGCTCCGTGGCTGACGGCCCGTTCCGCGACTATCGTCGTTAatgatcctgacgacggagaccgccgtcgtcgacaagccCATAGTCTGCCTGCAAAATTTTTGAAACCAGTCATCAAATATTACgatcaaccgtgtgatgtcac,orbit_TF_del_first_last_short,"(743, 0)","(469, 0)"
188,agattagctgccgatactggtTCTGCAGGCGGCGCAGCTTCTTAACAAACTGCGCCGCCAGATTTAatgatcctgacgacggagaccgccgtcgtcgacaagccCATGACAACCTCCCTATTCCATGAGCAAGCAAAAACAATATATGCgatcaaccgtgtgatgtcac,orbit_TF_del_first_last_short,"(743, 0)","(469, 0)"
189,agattagctgccgatactggtTCAAGGCGCAGGAACAAATAATATTGACAACGTGTGCTTAAATTAatgatcctgacgacggagaccgccgtcgtcgacaagccCACGATTACACCCCTGTATCTTTTTACATCACATTAGCGCGATTAgatcaaccgtgtgatgtcac,orbit_TF_del_first_last_short,"(743, 0)","(469, 0)"
190,agattagctgccgatactggtTTCAGTGCGGAAATCGTCATTACCCGTGAGTCTCTTTACATCATGggcttgtcgacgacggcggtctccgtcgtcaggatcatTAAAAACGACTGTCACTGTCCTAATCTTATACGACATCCGAATGAgatcaaccgtgtgatgtcac,orbit_TF_del_first_last_short,"(743, 0)","(469, 0)"
191,agattagctgccgatactggtGAAATGACAAGAGAATGAGAGGCTTGTCAGAATAATTTTTCTTTAatgatcctgacgacggagaccgccgtcgtcgacaagccCATACACGCCCCCTTGCAGTGCATGCGGCGTCCTGCTGGCGTGATgatcaaccgtgtgatgtcac,orbit_TF_del_first_last_short,"(743, 0)","(469, 0)"
192,agattagctgccgatactggtTCACGAAATCGACACAGCACCAGCATGTTCTTGTACAGCAACTTAatgatcctgacgacggagaccgccgtcgtcgacaagccCATAGTCGCTTACCACTTATAAAGATTAATTATAAATATATAATCgatcaaccgtgtgatgtcac,orbit_TF_del_first_last_short,"(743, 0)","(469, 0)"
193,agattagctgccgatactggtATCGTGAAAGAAATCCACAATAATGATCTTAAGCAGCAATTGATGggcttgtcgacgacggcggtctccgtcgtcaggatcatTAAAAATTATTTTCAATAGCGCGATTGCCGGATGCAACGCTTAATgatcaaccgtgtgatgtcac,orbit_TF_del_first_last_short,"(743, 0)","(469, 0)"
194,agattagctgccgatactggtGAACCTGTTTAATTTTTGGTAGGGTCATGATGTTCTCCATTGTTAatgatcctgacgacggagaccgccgtcgtcgacaagccCATACTGGACTCCAGTCTTAGATACTGGAATCAGTCTCGTTGCTCgatcaaccgtgtgatgtcac,orbit_TF_del_first_last_short,"(743, 0)","(469, 0)"
195,agattagctgccgatactggtCTGATTGATTACTGCCGGGGCTCCCGGCAGTATGAATTCACTCTAatgatcctgacgacggagaccgccgtcgtcgacaagccCATCTGTTTTCTTCATGAATGGATGCAATAAATCAATTTTATTTCgatcaaccgtgtgatgtcac,orbit_TF_del_first_last_short,"(743, 0)","(469, 0)"
196,agattagctgccgatactggtCATATTGCCTGTTGTCGCCACTATTTCATCGCGAGGAAAGATATGggcttgtcgacgacggcggtctccgtcgtcaggatcatTGAGTAAAGAATGCGCGTATAATGCCCGCCCGGTTTGTGTTGTTTgatcaaccgtgtgatgtcac,orbit_TF_del_first_last_short,"(743, 0)","(469, 0)"
197,agattagctgccgatactggtTTGTCGACAAGTTAAATGCCGGGTTTAATCCCGACATTATTTTTAatgatcctgacgacggagaccgccgtcgtcgacaagccCATAACCCCAAACCTATCGAAAATATCGAATCTAGAATATAAAAAgatcaaccgtgtgatgtcac,orbit_TF_del_first_last_short,"(743, 0)","(469, 0)"
198,agattagctgccgatactggtTTCTTCTGTGAAGCATGAGTAACCCGGTGTTATTGCAGGCCATTAatgatcctgacgacggagaccgccgtcgtcgacaagccCAACTTTTGCTCCTTCCTTTGTCCTGCTGACATTCTACGCTATTTgatcaaccgtgtgatgtcac,orbit_TF_del_first_last_short,"(743, 0)","(469, 0)"
199,agattagctgccgatactggtAAGCAGGATGCAAGAAACCAATTTTTTCATAGAGGTTAACTAATGggcttgtcgacgacggcggtctccgtcgtcaggatcatTAAATTTTTATTGACGCAATTTTATTATTTAGATGTATGCAACTTgatcaaccgtgtgatgtcac,orbit_TF_del_first_last_short,"(743, 0)","(469, 0)"
200,agattagctgccgatactggtTAAAAGGATATCCGGCCTGAATTCAGGCCGGATTCACTGAGGTTAatgatcctgacgacggagaccgccgtcgtcgacaagccCATAGCTTTACCTTCCAGACTTACTTAAAAGTCGATCATTGAAGAgatcaaccgtgtgatgtcac,orbit_TF_del_first_last_short,"(743, 0)","(469, 0)"
201,agattagctgccgatactggtCGACTTACACCGTAATTTAATTGCAACCGGCTCGATGCTGGGTTAatgatcctgacgacggagaccgccgtcgtcgacaagccCATCCCCCTCCCCCGCATCCTTGTCCGCTTAACCGTTTCAGTCAGgatcaaccgtgtgatgtcac,orbit_TF_del_first_last_short,"(743, 0)","(469, 0)"
202,agattagctgccgatactggtCGCTCGGCGGTGCCGCTGGAGATGAACCTGAGTTAGCTGGTATTAatgatcctgacgacggagaccgccgtcgtcgacaagccCATGAGTCATCAACTTACCTTCGCCGACAGTGAATTCAGCAGTAAgatcaaccgtgtgatgtcac,orbit_TF_del_first_last_short,"(743, 0)","(469, 0)"
203,agattagctgccgatactggtTTGGGGCGATATTTCGCCCCTTTTTATTAACAATAATAAATATTAatgatcctgacgacggagaccgccgtcgtcgacaagccCATTTCGTTCTCATTCAGGAAATTTGAACATACCGGGCAGAATATgatcaaccgtgtgatgtcac,orbit_TF_del_first_last_short,"(743, 0)","(469, 0)"
204,agattagctgccgatactggtGCGTACCGTATGCTGGCCCGGTCACCACGATGGCAAAACGCATTAatgatcctgacgacggagaccgccgtcgtcgacaagccCATGAAAAAAAACACTCCTTTTCAGGAGCCTGTCGTTAACTTTTCgatcaaccgtgtgatgtcac,orbit_TF_del_first_last_short,"(743, 0)","(469, 0)"
205,agattagctgccgatactggtCAGCCAGCCGCTAACTTCCTGCTGGCTGTAAAATTATCCTCTTCAatgatcctgacgacggagaccgccgtcgtcgacaagccCATAACTGAATCTCCACCTGAATACGTTAAAAAGACTTAAGTAGTgatcaaccgtgtgatgtcac,orbit_TF_del_first_last_short,"(743, 0)","(469, 0)"
206,agattagctgccgatactggtTATATAGTAATATATAAAATTATATATAATTGGGCTGTTGCGATGggcttgtcgacgacggcggtctccgtcgtcaggatcatTAATGATCGAGATAAAGGTAATGCACCCAGCTGGTCATGCGTAATgatcaaccgtgtgatgtcac,orbit_TF_del_first_last_short,"(743, 0)","(469, 0)"
207,agattagctgccgatactggtTAAGTTCAGGTTGTGAGCATAATTCGCCGGAGGGATATTAAAATGggcttgtcgacgacggcggtctccgtcgtcaggatcatTAACGTAACTCTGGCCAGTACGCTTTGTTGGCCTCCAGCAACTCAgatcaaccgtgtgatgtcac,orbit_TF_del_first_last_short,"(743, 0)","(469, 0)"
208,agattagctgccgatactggtGTGCGCATTACCCGGGCTTGCAGGCAAAAAAGAGATCTAGAGATGggcttgtcgacgacggcggtctccgtcgtcaggatcatTAACCGATACTCCAGAAGAGCACCGCCAGTAATTGGGGGGTGATAgatcaaccgtgtgatgtcac,orbit_TF_del_first_last_short,"(743, 0)","(469, 0)"
209,agattagctgccgatactggtTGCTGATTATGTTCGTCGCGCCTGGACGCCCCGTTGCCGCTCATGggcttgtcgacgacggcggtctccgtcgtcaggatcatTAACCGAATCGTATGAAACGCGACCCAATTTCACAATAAAATGTAgatcaaccgtgtgatgtcac,orbit_TF_del_first_last_short,"(743, 0)","(469, 0)"
210,agattagctgccgatactggtTGGCATACTAAGGAGGAATAAAAAGAAAAAGGAAGATAAGTAATGggcttgtcgacgacggcggtctccgtcgtcaggatcatTGATAACCCGATAACAGGACATTGAATGAGCGATAAAAAGAAGCGgatcaaccgtgtgatgtcac,orbit_TF_del_first_last_short,"(743, 0)","(469, 0)"
211,agattagctgccgatactggtTGTAGAATCTTTCTTGCGTTATTTATTGTCACCATAAAACACCTAatgatcctgacgacggagaccgccgtcgtcgacaagccCATTGTTTAATCCTTTTGGTTTAAACCAGATGAAGCATCTTACGCgatcaaccgtgtgatgtcac,orbit_TF_del_first_last_short,"(743, 0)","(469, 0)"
212,agattagctgccgatactggtTGCCAGTTACTGTTTTCCCGTCTACATACCTAAGGGAATAACATGggcttgtcgacgacggcggtctccgtcgtcaggatcatTAAGATGGGTTTGCTGCGGCGCAGAAAGCACTTTGCGCACCGCGCgatcaaccgtgtgatgtcac,orbit_TF_del_first_last_short,"(743, 0)","(469, 0)"
213,agattagctgccgatactggtCCGTGAACGACACTTGCAGTGGGAAAGACGGAGGAAAATAGCGTGggcttgtcgacgacggcggtctccgtcgtcaggatcatTGACAGAAACACAGAAAAGAAGCGATTTGCCGCAATCTTAAGCAGgatcaaccgtgtgatgtcac,orbit_TF_del_first_last_short,"(743, 0)","(469, 0)"
214,agattagctgccgatactggtTAATGCCGATACCATTTATTCCATGAGCAAGGAGGAGCCATTATGggcttgtcgacgacggcggtctccgtcgtcaggatcatTGAGGTAATGAAAAAATTCAGCGGCATTATTCCACCGGTATCCAGgatcaaccgtgtgatgtcac,orbit_TF_del_first_last_short,"(743, 0)","(469, 0)"
215,agattagctgccgatactggtGTTAAGATGAGCATTTCCCCGGTTTAATACAGGTATACAAAAGTGggcttgtcgacgacggcggtctccgtcgtcaggatcatTAAAAGAATGAACAACTGCCCCATGTAGATATGGGGCAGGATTTTgatcaaccgtgtgatgtcac,orbit_TF_del_first_last_short,"(743, 0)","(469, 0)"
216,agattagctgccgatactggtTACCGGTTTTTCTCTCTGTATGGTCCACATAAGGAATACAGCATGggcttgtcgacgacggcggtctccgtcgtcaggatcatTAAATTCGAAATAGCGGCGAAGCGCCTGATTTCCTCTCATGCATAgatcaaccgtgtgatgtcac,orbit_TF_del_first_last_short,"(743, 0)","(469, 0)"
217,agattagctgccgatactggtTGAATAAACTCTCAATACCGATACTACTCATGACGCATTTTTCTAatgatcctgacgacggagaccgccgtcgtcgacaagccCATATTTCCTCCACATCCACTGTCTAAAAATTATGATGGTTTATTgatcaaccgtgtgatgtcac,orbit_TF_del_first_last_short,"(743, 0)","(469, 0)"
218,agattagctgccgatactggtAACGAAAATGTGCGATATGACAAAGAATTAACGGAGAATGAGATGggcttgtcgacgacggcggtctccgtcgtcaggatcatTAAGCGAGGTTCTTGTTTTCAAATTGTTCCGGACTGAGGCCGCCAgatcaaccgtgtgatgtcac,orbit_TF_del_first_last_short,"(743, 0)","(469, 0)"
219,agattagctgccgatactggtAATGAATAATATTAAGCCACTTATTCACGAATCGAGAATGCTATGggcttgtcgacgacggcggtctccgtcgtcaggatcatTGAGCTATTTTTGATAGTTCTTGCGGTTAATATGCTCTATATAGTgatcaaccgtgtgatgtcac,orbit_TF_del_first_last_short,"(743, 0)","(469, 0)"
220,agattagctgccgatactggtGATTAACAGCACATTTTTCGGGCTTTTTCGCTGAAATTTCCCTCAatgatcctgacgacggagaccgccgtcgtcgacaagccCATATTTAAAACATCTTATTTGAGATTATTAATATATTAGACAGAgatcaaccgtgtgatgtcac,orbit_TF_del_first_last_short,"(743, 0)","(469, 0)"
221,agattagctgccgatactggtAAAGAATTTCGCCAGTTAATGCATCTTTAATCGGGAACTTTCATGggcttgtcgacgacggcggtctccgtcgtcaggatcatTAACGTCAGAAGGTTAATTCTGTTTCCAGCAGCGTCAGGATACTTgatcaaccgtgtgatgtcac,orbit_TF_del_first_last_short,"(743, 0)","(469, 0)"
222,agattagctgccgatactggtCGCGGAATAATCACGCAATTAACTAAACAAGGTTTAGTGAAGATGggcttgtcgacgacggcggtctccgtcgtcaggatcatTGATGGCGCGATAACGTAGAAAGGCTTCCCGAAGGAAGCCTTGATgatcaaccgtgtgatgtcac,orbit_TF_del_first_last_short,"(743, 0)","(469, 0)"
223,agattagctgccgatactggtCTATGTGATCTCCATTTCGATTGATTTAGTGTTTATTGACGTATGggcttgtcgacgacggcggtctccgtcgtcaggatcatTGATTATAAAAAAAACTTATTATTTATTTTAGTTTTTATCAGTGGgatcaaccgtgtgatgtcac,orbit_TF_del_first_last_short,"(743, 0)","(469, 0)"
224,agattagctgccgatactggtTGACGATTTTCCCCGTTCCCGGTTGCTGTACCGGGAACGTATTTAatgatcctgacgacggagaccgccgtcgtcgacaagccCATTTCTCCAGCACTCTGGAGAAATAGGCAAGACATTGGCAGAAAgatcaaccgtgtgatgtcac,orbit_TF_del_first_last_short,"(743, 0)","(469, 0)"
225,agattagctgccgatactggtCCGGAAAGATATCGGCTGGCGCGCTATCGAACGCGAGCAGAACTAatgatcctgacgacggagaccgccgtcgtcgacaagccCATCCTTGTGGGTCCTTACGCGTAATATTGACCGGAAGCCAGAGGgatcaaccgtgtgatgtcac,orbit_TF_del_first_last_short,"(743, 0)","(469, 0)"
