,sequence,pool_name,primers_added
0,ttaatcttaggccccactggtAATCTCTCTGCAACCAAAGTGAACCAATGAGAGGCAACAAGAATGggcttgtcgacgacggcggtctccgtcgtcaggatcatTGAGGGTGTTACATGAATTCATACTCAATTGCTGTCATCGGAGTGgatcgttcgattctggttgg,orbit_TF_del_first_last_short,True
1,ttaatcttaggccccactggtTATGCACAATAATGTTGTATCAACCACCATATCGGGTGACTTATGggcttgtcgacgacggcggtctccgtcgtcaggatcatTAATCTCTGCCCCGTCGTTTCTGACGGCGGGGAAAATGTTGCTTAgatcgttcgattctggttgg,orbit_TF_del_first_last_short,True
2,ttaatcttaggccccactggtGATGAATGAGTTTTCTATAAACTTATACTTAATAATTAGAAGTTAatgatcctgacgacggagaccgccgtcgtcgacaagccCATGGTAACCTCTCATCTTACTTATGAAATTTTAATGTATTCTGTgatcgttcgattctggttgg,orbit_TF_del_first_last_short,True
3,ttaatcttaggccccactggtGCTTCGAAGAGAGACACTACCTGCAACAATCAGGAGCGCAATATGggcttgtcgacgacggcggtctccgtcgtcaggatcatTAAAAATTTAGCTAAACACATATGAATTTTCAGATGTGTTTTATCgatcgttcgattctggttgg,orbit_TF_del_first_last_short,True
4,ttaatcttaggccccactggtGGCTAAAATAGAATGAATCATCAATCCGCATAAGAAAATCCTATGggcttgtcgacgacggcggtctccgtcgtcaggatcatTGATCGGCTTTTTTAATCCCATACTTTTCCACAGGTAGATCCCAAgatcgttcgattctggttgg,orbit_TF_del_first_last_short,True
5,ttaatcttaggccccactggtTAGCAACATACTGGAAAAGCGCCGACAGTTGCAAATGCGTTTTTAatgatcctgacgacggagaccgccgtcgtcgacaagccCATGAAATATCTCCTCCGACAACGCTGAGATGTCATCCATCCCTTgatcgttcgattctggttgg,orbit_TF_del_first_last_short,True
6,ttaatcttaggccccactggtTCGCATCTGGCAAGCAGGACGCCCGGTATCAACGAGATAAAATTAatgatcctgacgacggagaccgccgtcgtcgacaagccCATACGAACTCCAGTTTCACAAATTAAAAGTCTGGCTATGACTCGgatcgttcgattctggttgg,orbit_TF_del_first_last_short,True
7,ttaatcttaggccccactggtCAGGTCATGTAACTCCCGGCAAAACCGGGAGGTATGTAATCCTTAatgatcctgacgacggagaccgccgtcgtcgacaagccCATTACTGGCTTCACTAAACGCATATTAAAAATCAGAAAAACTGTgatcgttcgattctggttgg,orbit_TF_del_first_last_short,True
8,ttaatcttaggccccactggtATATCGCCGAAAGGCACACTTAATTATTAAAGGTAATACACTATGggcttgtcgacgacggcggtctccgtcgtcaggatcatTAATCTCTGCTTAAAAGCACAGAATCTAAGATCCCTGCCATTTGGgatcgttcgattctggttgg,orbit_TF_del_first_last_short,True
9,ttaatcttaggccccactggtGCGAGATTGAAGCGTATTCACACTTCAGATCAGTGGATTCGATCAatgatcctgacgacggagaccgccgtcgtcgacaagccCATTTGAAAAATTCCTTAGATTGTTTTCTTCGCCCGCAGGCATAAgatcgttcgattctggttgg,orbit_TF_del_first_last_short,True
10,ttaatcttaggccccactggtAACCCGCTGATTAAGCGGGTTTTGAATTCTTGCTGACGTATCTTAatgatcctgacgacggagaccgccgtcgtcgacaagccCATCAAAATTACCTTTACATGAAAAATAGACACAAATGCTGTGTCgatcgttcgattctggttgg,orbit_TF_del_first_last_short,True
11,ttaatcttaggccccactggtATAGAAGGGATAACCCTACATATCCGAGCCGTCTCGTCTTAATCAatgatcctgacgacggagaccgccgtcgtcgacaagccCATCGTTCGCGCAACGCCTCCTGTGCTTTGTTAAAGGGTTTCAACgatcgttcgattctggttgg,orbit_TF_del_first_last_short,True
12,ttaatcttaggccccactggtGCAAACTGATTATAAAGTTAATGTCCGCACCAGGAGTCGGTTATGggcttgtcgacgacggcggtctccgtcgtcaggatcatTGAATTTCAGGCTTACGGTGAGTCTGGCTACGCTGCCACACAGATgatcgttcgattctggttgg,orbit_TF_del_first_last_short,True
13,ttaatcttaggccccactggtCAAATAATCGCACGCGTTGTGTCCTGACCTGATTCTGGATATTTAatgatcctgacgacggagaccgccgtcgtcgacaagccCATAGCCCTTCCACAGAGAATTTTTTTCTCTTTTAATTTTATTTTgatcgttcgattctggttgg,orbit_TF_del_first_last_short,True
14,ttaatcttaggccccactggtGTTAACAAAAACATAGTCAATACGATTTAGCATTAGCTAACTATGggcttgtcgacgacggcggtctccgtcgtcaggatcatTAACATCATCAATGAGTTATCTTTTACCACATCAATTATGTTAGCgatcgttcgattctggttgg,orbit_TF_del_first_last_short,True
15,ttaatcttaggccccactggtATTAATATGACTACGTGATAATTAACTTTTGATGCACTCCGCATGggcttgtcgacgacggcggtctccgtcgtcaggatcatTGAATCCTTTGTTAACCGATTCCCGCCGTCAGGCGCTGCGTTCAGgatcgttcgattctggttgg,orbit_TF_del_first_last_short,True
16,ttaatcttaggccccactggtTCGAAAATTTTGCGTAAACAGAAATAAAGAGCTGACAGAACTATGggcttgtcgacgacggcggtctccgtcgtcaggatcatTAATTCAGGTTAGCTAAATGCTTGATTAAAAAGGCGCTACTCGGCgatcgttcgattctggttgg,orbit_TF_del_first_last_short,True
17,ttaatcttaggccccactggtGAATATCCCGCGCTTCCTGAACAATGCTTTTTTCACTCATGATCAatgatcctgacgacggagaccgccgtcgtcgacaagccCATTATTCCCACCCAGAATAACCAACTTTATTTTTATGCGGTTTCgatcgttcgattctggttgg,orbit_TF_del_first_last_short,True
18,ttaatcttaggccccactggtGTTTGTAAACACAAAAACAACTCCGCTACATCTTATTCTTATTTAatgatcctgacgacggagaccgccgtcgtcgacaagccCATTAAGAACTCCTGGTAGTCAAAGTTAAAGTGCGGCATTTACTGgatcgttcgattctggttgg,orbit_TF_del_first_last_short,True
19,ttaatcttaggccccactggtTACCCCCCTATAGTATATTGCATGCAGATGATGAGGTGCGAAATGggcttgtcgacgacggcggtctccgtcgtcaggatcatTAGCTGAATCTATTACCATATTGAGGAAGAGCGAGAGATGAAATCgatcgttcgattctggttgg,orbit_TF_del_first_last_short,True
20,ttaatcttaggccccactggtCTTCTAATGAAGTGAACCGCTTAGTAACAGGACAGATTCCGCATGggcttgtcgacgacggcggtctccgtcgtcaggatcatTAAGCCAGCCTGAACGAGAAAAGCCAACCTGCGGGTTGGCTTTTTgatcgttcgattctggttgg,orbit_TF_del_first_last_short,True
21,ttaatcttaggccccactggtAAGGATGACATATTCGAAACGATAACGGCTAAGGAGCAAGTTATGggcttgtcgacgacggcggtctccgtcgtcaggatcatTAGTCAGGACATAAGCAACTGAAATTGATGGCTGGCATGACGAGGgatcgttcgattctggttgg,orbit_TF_del_first_last_short,True
22,ttaatcttaggccccactggtGCTTTCCTTAAGAACAACTCACCCCTTAAAGGAATAACCAGTTTGggcttgtcgacgacggcggtctccgtcgtcaggatcatTAATGAATCCACTGAAAGCCGGTGATATCGCACCGAAATTTAGCTgatcgttcgattctggttgg,orbit_TF_del_first_last_short,True
23,ttaatcttaggccccactggtCTTTCTTTACAATACATCAACATCTTGAGTATTGGGTAATTCTTAatgatcctgacgacggagaccgccgtcgtcgacaagccCATTTGTTATACCTCTTGAATATTCCTGATAGGGCAAGTCTTCACgatcgttcgattctggttgg,orbit_TF_del_first_last_short,True
24,ttaatcttaggccccactggtCCCAATGTGCGCATTATCAAACAGACAAAGGGAATCAACGAGATGggcttgtcgacgacggcggtctccgtcgtcaggatcatTAAGGAAGAGTCTTAACCTCCTGCCGATGGCTGGCATTTTTGCCAgatcgttcgattctggttgg,orbit_TF_del_first_last_short,True
25,ttaatcttaggccccactggtATCAGGCATACAGGACTTCCGCCACTACATTAAGGAAAAGTTATGggcttgtcgacgacggcggtctccgtcgtcaggatcatTAATTTCGTTGTGAATGTTACTTGCTTGCGAAGTTATCATTTTGAgatcgttcgattctggttgg,orbit_TF_del_first_last_short,True
26,ttaatcttaggccccactggtCGAGTTTATCTTGTTAGAATTATTACAACCATAGGTAGAAGTATGggcttgtcgacgacggcggtctccgtcgtcaggatcatTAATAAATAATTCGCTTTCGGAGCTATAACCGGCTGTTTATTAAGgatcgttcgattctggttgg,orbit_TF_del_first_last_short,True
27,ttaatcttaggccccactggtCTATATCAGTTGTTAAAAATGACAACTTTTCGTTAACTGTAATTAatgatcctgacgacggagaccgccgtcgtcgacaagccCATAATTTCGACTGTCTCTCGCATGTCATTAACCTTTTTAATTGGgatcgttcgattctggttgg,orbit_TF_del_first_last_short,True
28,ttaatcttaggccccactggtCGTTATTTGAAGCGCCGGATGCAACGCATCCGGCACGTCGCGTTAatgatcctgacgacggagaccgccgtcgtcgacaagccCATTTTTTCCCCTTAGTACGATGAACAGCGGTAAAGAAATCGTATgatcgttcgattctggttgg,orbit_TF_del_first_last_short,True
29,ttaatcttaggccccactggtCGCCTACCCGCTGGTTGTTCATCCAAGTGACAAGTTTAGGCATTAatgatcctgacgacggagaccgccgtcgtcgacaagccCATGTCATACGTCCACAGCAAGTTTATCCGCTTAAGGGGATATTAgatcgttcgattctggttgg,orbit_TF_del_first_last_short,True
30,ttaatcttaggccccactggtTACCTCAACAAACCACCCCAATATAAGTTTGAGATTACTACAATGggcttgtcgacgacggcggtctccgtcgtcaggatcatTAATCTTTTGTAGATTGCACTTGCTTAAAATCCCGCCAGCGGCGGgatcgttcgattctggttgg,orbit_TF_del_first_last_short,True
31,ttaatcttaggccccactggtTGAAACCACCCCTTCGTTAAAACTGTTCACTGCCACGCAATCTTAatgatcctgacgacggagaccgccgtcgtcgacaagccCATAAGTTATCCTTACAATGTGTTTATCGCTTGCTAAGCATCGAGgatcgttcgattctggttgg,orbit_TF_del_first_last_short,True
32,ttaatcttaggccccactggtATGCGCCCTTGAACTTCGTCACATCCCCACTGGGGACAACGCTTAatgatcctgacgacggagaccgccgtcgtcgacaagccCACTCTTCTCTTCCTCTTTATAATTTATATCGCACTTGAATCCTTgatcgttcgattctggttgg,orbit_TF_del_first_last_short,True
33,ttaatcttaggccccactggtAAAGAAAAAAGGCCGCAGAGCGGCCTTTTTAGTTAGATCAGATTAatgatcctgacgacggagaccgccgtcgtcgacaagccCATAGGTTCAATCCCTCAATGATGCCTGGAATCGCTCTTTTAATGgatcgttcgattctggttgg,orbit_TF_del_first_last_short,True
34,ttaatcttaggccccactggtCCCGACAGGTGCTTTTCTCTCGTTCAAGTTTGAGTAAAAAACTTAatgatcctgacgacggagaccgccgtcgtcgacaagccCATGATTCCTCCGGTTCCTTAAAGGCAAATTAAGCGGCTGCTGTTgatcgttcgattctggttgg,orbit_TF_del_first_last_short,True
35,ttaatcttaggccccactggtACGGAGTATTTAGCACTCCGGCCTGATTCTGAATTCTTTTTATTAatgatcctgacgacggagaccgccgtcgtcgacaagccCATGTCTTACTTCACCTCAAACTCGCCCCTGCCCGGGGTTTTTTAgatcgttcgattctggttgg,orbit_TF_del_first_last_short,True
36,ttaatcttaggccccactggtAGGAGTGTAATCAAAATACGCCGATTTTGCACCTGTTCCGTGTTAatgatcctgacgacggagaccgccgtcgtcgacaagccCATTATTATTGTCTCTCTGTATTCCTTCCCTACTCCTGTCTGACCgatcgttcgattctggttgg,orbit_TF_del_first_last_short,True
37,ttaatcttaggccccactggtTGCTTAAGAAAGTCCTGCCGTAAACAAAAAAGAGGTATGACGATGggcttgtcgacgacggcggtctccgtcgtcaggatcatTAGTTGAAAACGTGACAACGTCACTGAGGCAATCATGAAACCACTgatcgttcgattctggttgg,orbit_TF_del_first_last_short,True
38,ttaatcttaggccccactggtAATATTATCCCCTGCAACTAATTACTTGCCAGGGCAACTAATGTGggcttgtcgacgacggcggtctccgtcgtcaggatcatTAAACAAAAAAGAGGTATGACGATGTCCAGACGCAATACTGACGCgatcgttcgattctggttgg,orbit_TF_del_first_last_short,True
39,ttaatcttaggccccactggtTGGTCTGGTCTCAATTTATTGACGAAGAGGATTAAGTATCTCATGggcttgtcgacgacggcggtctccgtcgtcaggatcatTAAAGCAAAAAAGAGCGGCGCGGAGTGGAATCGCCTGATGCGCTAgatcgttcgattctggttgg,orbit_TF_del_first_last_short,True
40,ttaatcttaggccccactggtGAAAAAAACGATCGCCTTGCAGCGTGCGTAAAAAAGGCAGGCTCAatgatcctgacgacggagaccgccgtcgtcgacaagccCATTGTGCTTCCTCATTATGGTGACGCATACATAGCGTTCTCATTgatcgttcgattctggttgg,orbit_TF_del_first_last_short,True
41,ttaatcttaggccccactggtTGTCGTTACTATATCGGCTGAAATTAATGAGGTCATACCCAAATGggcttgtcgacgacggcggtctccgtcgtcaggatcatTAACGCGTCATCTCGCTCAAAAATCCAGATTTATAAAAGAAAAAAgatcgttcgattctggttgg,orbit_TF_del_first_last_short,True
42,ttaatcttaggccccactggtTCCGGTAAAGAAAAAAGCGAGTTGCCCCCGCTTTTCCATTAATTAatgatcctgacgacggagaccgccgtcgtcgacaagccCATATTACTTCTCCTTAAACGAGACGATCAGTACGTCATGAATTAgatcgttcgattctggttgg,orbit_TF_del_first_last_short,True
43,ttaatcttaggccccactggtATTCCCCGTGCGCCGTCGCACCACAGAAAAGGTTTAACGCAAATGggcttgtcgacgacggcggtctccgtcgtcaggatcatTGAGTCTATTATTGGGTCCTTTGGTGAACGATCAACAAAGGGCCAgatcgttcgattctggttgg,orbit_TF_del_first_last_short,True
44,ttaatcttaggccccactggtCAGCTTTAGCGCCCGCGCCATGTAATACTCGTCCTGCACGGCTTAatgatcctgacgacggagaccgccgtcgtcgacaagccCATACGGCGTCCTGACCAGGTGGTTAACGGAAATCTATTTTACCCgatcgttcgattctggttgg,orbit_TF_del_first_last_short,True
45,ttaatcttaggccccactggtACATCTCGGTTCCTCCGTTGTCATCTCTGATGAAGATTTTCGTCAatgatcctgacgacggagaccgccgtcgtcgacaagccCACATCAACCTCAAAAGGGAAATCGGGAAAAAATACATTTATATTgatcgttcgattctggttgg,orbit_TF_del_first_last_short,True
46,ttaatcttaggccccactggtTGCCGGGCGCATTGCGCTTACCCGGCTTACAGAACAAAAAGATTAatgatcctgacgacggagaccgccgtcgtcgacaagccCATATTTGCATTTCCTTAAACTGTAGTGGTCAGAGTCGCTGTTTTgatcgttcgattctggttgg,orbit_TF_del_first_last_short,True
47,ttaatcttaggccccactggtTAGGGATTGCCTAATGTAATGCGCATAGGAGAATATTAAGCAATGggcttgtcgacgacggcggtctccgtcgtcaggatcatTAAACTTATATGGTCTGACGGAAAACTCCTGGATTCCGTTATTTAgatcgttcgattctggttgg,orbit_TF_del_first_last_short,True
48,ttaatcttaggccccactggtGGTTCAAGGTTGATGGGTTTTTTGTTATCTAAAACTTATCTACTAatgatcctgacgacggagaccgccgtcgtcgacaagccCATGTCATTTCCTCTCTCTGCAATTGTGTACAAATGTACACAACCgatcgttcgattctggttgg,orbit_TF_del_first_last_short,True
49,ttaatcttaggccccactggtGTAAACGAGGAAAAACGGCAGTTTTACAATCGCGTTAATAAATTAatgatcctgacgacggagaccgccgtcgtcgacaagccCATGGCAACACCTGGTTAACAAGAATATGAAAAATCATAGCACTAgatcgttcgattctggttgg,orbit_TF_del_first_last_short,True
50,ttaatcttaggccccactggtATTCCTTTAGTGCCCGCTCGTCAAAATCCAGAAAATACGCCATCAatgatcctgacgacggagaccgccgtcgtcgacaagccCATGTCTTACACCTCTTGTAATTACAAATGTCATTACAAGTATCGgatcgttcgattctggttgg,orbit_TF_del_first_last_short,True
51,ttaatcttaggccccactggtTTTTGCTATCCTTGCGCCCCGATTAAACGGATAAGAGTCATTATGggcttgtcgacgacggcggtctccgtcgtcaggatcatTAAAACGCAATCCCAAACAGTGTTTTGACATTAGCATCCGTGGTGgatcgttcgattctggttgg,orbit_TF_del_first_last_short,True
52,ttaatcttaggccccactggtGTTTATCTGCGACACTCGCAGCACCGACGACATGGAGTAAAAATGggcttgtcgacgacggcggtctccgtcgtcaggatcatTAATCCCATCTGCACAAGCGATAACTCGCTTTGCCCAGAGGATGCgatcgttcgattctggttgg,orbit_TF_del_first_last_short,True
53,ttaatcttaggccccactggtAGTGTTCTGAATGAAAGCGACTAACTTAAGGAGTGAGGAAAAATGggcttgtcgacgacggcggtctccgtcgtcaggatcatTGAGTGGTCTGGCGGTAGCCCCGCGAACGGGGCTGCCAGCTCTCAgatcgttcgattctggttgg,orbit_TF_del_first_last_short,True
54,ttaatcttaggccccactggtGTTTGCGTGTGGTCAGGTTACTGACCACACGCCCCCTTCATTTCAatgatcctgacgacggagaccgccgtcgtcgacaagccCAATTTCATCTCCTTATAATTAGCTTGCTAAGATATTATGCGGCTgatcgttcgattctggttgg,orbit_TF_del_first_last_short,True
55,ttaatcttaggccccactggtAGACAAAGACCGGAAAACAAACTAAAGCGCCCTTGTGGCGCTTTAatgatcctgacgacggagaccgccgtcgtcgacaagccCATAAATCGCTTTACCTCAAGTTAACTTGAGGAATTATACTCCCCgatcgttcgattctggttgg,orbit_TF_del_first_last_short,True
56,ttaatcttaggccccactggtACAGATGAATTAACGAACTGAACACTGAAAAGAGGCAGATTTATGggcttgtcgacgacggcggtctccgtcgtcaggatcatTAATTTTATTGCCCGCGCGTTAACTCCCGCGCGGGTAATTGCTCCgatcgttcgattctggttgg,orbit_TF_del_first_last_short,True
57,ttaatcttaggccccactggtCGACGCCGGACGCGCCCTAGCAGCGACATCCGGCCTCAGTAATTAatgatcctgacgacggagaccgccgtcgtcgacaagccCATAATAAAGAAAACCTTTTAACGCCAAAACAAAAAAAGTATTTCgatcgttcgattctggttgg,orbit_TF_del_first_last_short,True
58,ttaatcttaggccccactggtTATTTTAGCCACAAGCGCGACGTTGCGAAATAGTTTTCCCGCTTAatgatcctgacgacggagaccgccgtcgtcgacaagccCATGCGACTCCTCCGGCAAAACGGAAGTTTATCACTTGTGCGTTAgatcgttcgattctggttgg,orbit_TF_del_first_last_short,True
59,ttaatcttaggccccactggtCAATTACCGGATAATTACCAGGCAAAATTTGAGTTAAATTTAATGggcttgtcgacgacggcggtctccgtcgtcaggatcatTAAATTCTTCTCCCCTCATAGGCGACGAATAGCATTTTGTGTTGAgatcgttcgattctggttgg,orbit_TF_del_first_last_short,True
60,ttaatcttaggccccactggtACCTGATTTGCAGGTTCGATTCCCTATTCGGAGATAGCACTCATGggcttgtcgacgacggcggtctccgtcgtcaggatcatTAAAATAGCGGGTAAAATATTTCTCACATCTAAAAAACACCATTCgatcgttcgattctggttgg,orbit_TF_del_first_last_short,True
61,ttaatcttaggccccactggtTGCACGATGCCTGATGCGCCACGTCTTATCAGGCCTACAAAATCAatgatcctgacgacggagaccgccgtcgtcgacaagccCATAATATGTCGCCATTGTTAGCGGGGGAAGCAAAATGCCTCCCCgatcgttcgattctggttgg,orbit_TF_del_first_last_short,True
62,ttaatcttaggccccactggtGAACGCCTTATCCGGCCTACGAGATGAAGCGATGTTTTGGCCTTAatgatcctgacgacggagaccgccgtcgtcgacaagccCATGGTTTTTAACTGTTGCTTCCTTGTGAATAGCGATGCAAGAACgatcgttcgattctggttgg,orbit_TF_del_first_last_short,True
63,ttaatcttaggccccactggtAGTGTTCCCAGTGAAGGAACGCTACTGAGAGTAAAGACACTAATGggcttgtcgacgacggcggtctccgtcgtcaggatcatTAAAAAAATGGCACTTTATAAAGCGCCATTTAGAACTGATGACAAgatcgttcgattctggttgg,orbit_TF_del_first_last_short,True
64,ttaatcttaggccccactggtAGACCCACATACATTCAGGGAATTGTTATGTTCAAGGAGAGGATGggcttgtcgacgacggcggtctccgtcgtcaggatcatTAATATGAAAAGATTACGCAATAAAATGACCACCGAAGAACTGGCgatcgttcgattctggttgg,orbit_TF_del_first_last_short,True
65,ttaatcttaggccccactggtTCGGATTGTTACAACGCTTAGGGATTCGCGATAGCAAATAATATGggcttgtcgacgacggcggtctccgtcgtcaggatcatTAAATAAAAAACGGCAGGATATTATCTCCTGCCGTTTATCTTTTTgatcgttcgattctggttgg,orbit_TF_del_first_last_short,True
66,ttaatcttaggccccactggtTTAGTTTAGAGTTTACTTAATTTAGAAAATACTTAAATAAATATGggcttgtcgacgacggcggtctccgtcgtcaggatcatTAAGGAGTCACTATGGCTTTGACAACCATTTCGCCGCATGATGCAgatcgttcgattctggttgg,orbit_TF_del_first_last_short,True
67,ttaatcttaggccccactggtCAGTTTGAAGCAGGAATTTATAAGGGAAGCTGGAGTCAGGCATCAatgatcctgacgacggagaccgccgtcgtcgacaagccCATTTTGCCTCCCTGCGAAATTATTCCCGGGAACGCGTCCCGGGAgatcgttcgattctggttgg,orbit_TF_del_first_last_short,True
68,ttaatcttaggccccactggtGATGCAATTCACGATCCCGCAGTGTGATTTGAGGAGTTTTCAATGggcttgtcgacgacggcggtctccgtcgtcaggatcatTAGACTTTTATCCACTTTATTGCTGTTTACGGTCCTGATGACAGGgatcgttcgattctggttgg,orbit_TF_del_first_last_short,True
69,ttaatcttaggccccactggtTAAGGGCATCTGTTTTTTATATTCAAGAATGAAAAATTTTTGTCAatgatcctgacgacggagaccgccgtcgtcgacaagccCATTACCAATACCTTACATATATTACTCATTAATGTATGTGCGAAgatcgttcgattctggttgg,orbit_TF_del_first_last_short,True
70,ttaatcttaggccccactggtATATGAGTGTCGAATCCTTATCCAAAACAAGAGGTAACTCTCATGggcttgtcgacgacggcggtctccgtcgtcaggatcatTGAACAAATTTTATCAGGTGACGTTCCGTAAAAAGTTGTATGGAGgatcgttcgattctggttgg,orbit_TF_del_first_last_short,True
71,ttaatcttaggccccactggtAGCCATGCACCGTAGACCAGATAAGCTCAGCGCATCCGGCAGTTAatgatcctgacgacggagaccgccgtcgtcgacaagccCATTTCATACTTACCTTTTTGTACGTACTTACTAAAAGTAAGTTTgatcgttcgattctggttgg,orbit_TF_del_first_last_short,True
72,ttaatcttaggccccactggtGGTTATTTAACGGCGCGAGTGTAATCCTGCCAGTGCAAAAAATCAatgatcctgacgacggagaccgccgtcgtcgacaagccCATACATACTCCACTAGTTATCGTTGATTTTGTCCAACAACTTGTgatcgttcgattctggttgg,orbit_TF_del_first_last_short,True
73,ttaatcttaggccccactggtGGTAAAGTAAGGACATTCTTAACCCCCACTTTGAGGTGCCCGATGggcttgtcgacgacggcggtctccgtcgtcaggatcatTAAGAGGGCGTACATCCTTGTACACGTCGGGCAGGAGGGATTAATgatcgttcgattctggttgg,orbit_TF_del_first_last_short,True
