,promoter,TSS,direction,wt_sequence,left_pos,right_pos
0,znuCp,1942634,+,TGTGTTGCACCTCCCCAGAGAGCGGCGGATAATGCTGCGAAAAGAAGCGTTTTTTTATGTAACATAATGCGACCAATAATCGTAATGAATATGAGAAGTGTGATATTATAACATTTCATGACTACTGCAAGACTAAAATTAACATGACAAGTCTGGTTTC,1942519,1942679
1,znuAp,1942661,-,TGGCCCAAGTAAAGTCAAAATTTTTCCAGGTTTAAGTTCCAGCGACACATCAGAGAGGACGCGGCGTTGGCCAAAAGAAACCGAGACATTTTCCAGGGAAACCAGACTTGTCATGTTAATTTTAGTCTTGCAGTAGTCATGAAATGTTATAATATCACAC,1942616,1942776
2,xylFp,3731069,+,CAATTGCGCAACAAAAGTAAGATCTCGGTCATAAATCAAGAAATAAACCAAAAATCGTAATCGAAAGATAAAAATCTGTAATTGTTTTCCCCTGTTTAGTTGCTAAAAATTGGTTACGTTTATCGCGGTGATTGTTACTTATTAAAACTGTCCTCTAACT,3730954,3731114
3,xylAp,3730807,-,CCAGTTTCATCATTCCATTTTATTTTGCGAGCGAGCGCACACTTGTGAATTATCTCAATAGCAGTGTGAAATAACATAATTGAGCAACTGAAAGGGAGTGCCCAATATTACGACATCATCCATCACCCGCGGCATTACCTGATTATGGAGTTCAATATGC,3730762,3730922
4,relBp,1645903,-,TGGACTTAGCAATGGCTGCTCCTGGCACAAAGCGGACAGTGATCACCGTTCTTACGACTACTTTCTGACTTCCTTCGTGACTTGCCCTAAGCATGTTGTAGTGCGATACTTGTAATGACATTTGTAATTACAAGAGGTGTAAGACATGGGTAGCATTAAC,1645858,1646018
5,ompRp1,3536707,-,GCGTTTTCATCTCGTTGATTCCCTTTGTCTGTTTGATAATGCGCACATTGGGTATAACGTGATCATATCAACAGAATCAATAATGTTTCGCCGAATAAATTGTATACTTAAGCTGCTGTTTAATATGCTTTGTAACAATTTAGGCTGAAATTCATACCAG,3536662,3536822
6,marRp,1619093,+,ACTCTTTAGCTAGCCTTGCATCGCATTGAACAAAACTTGAACCGATTTAGCAAAACGTGGCATCGGTCAATTCATTCATTTGACTTATACTTGCCTGGGCAATATTATCCCCTGCAACTAATTACTTGCCAGGGCAACTAATGTGAAAAGTACCAGCGAT,1618978,1619138
7,lacZp1,366343,-,CAGGTTTCCCGACTGGAAAGCGGGCAGTGAGCGCAACGCAATTAATGTGAGTTAGCTCACTCATTAGGCACCCCAGGCTTTACACTTTATGCTTCCGGCTCGTATGTTGTGTGGAATTGTGAGCGGATAACAATTTCACACAGGAAACAGCTATGACCAT,366298,366458
8,ftsKp1,933138,+,CACACGGACATACGTTGTTATGGAAGAAGTCAAGCAGAGTAATCGTCTGGTTATTAAGACGCGCTAACACGGAACAGGTGCAAAATCGGCGTATTTTGATTACACTCCTGTTAATCCATACAGCAACAGTACTGGGGTAACCTGGTACTGTTGTCCGTTT,933023,933183
9,dicCp,1647876,-,GAGGTTTTTCCGACGATACCTGATGCGTTCGCCGATAGTTAAATTTTTTGTTTCCATAGTTAGCTAATGCTAAATCGTATTGACTATGTTTTTGTTAACATCTATCTTGTTAGTTATGACTAACAATAAAGGTGTTTTAAATGCTTAAAACTGACGCTCT,1647831,1647991
10,dgoRp,3875185,-,TGTAGTACAACAATATAAGTTTGTACTACATTACACGCACGGCAAACGCGAACGTCATCACGCTGGTACTACAAAGTTGCCGCGTTATGCATCGATCGGGGTAAAGTAGAGAAGAACATACAGAGCACAAGGACTCTCCATGACTCTCAATAAAACCGAT,3875140,3875300
11,araCp,70223,+,CGTCAGGTAGGATCCGCTAATCTTATGGATAAAAATGCTATGGCATAGCAAAGTGTGACGCCGTGCAAATAATCAATGTGGACTTTTCTGCCGTGATTATAGACACTTTTGTTACGCGTTTTTGTCATGGCTTTGGTCCCGCTTTGTTACAGAATGCTTT,70108,70268
12,araBp,70075,-,TCCACATTGATTATTTGCACGGCGTCACACTTTGCTATGCCATAGCATTTTTATCCATAAGATTAGCGGATCCTACCTGACGCTTTTTATCGCAACTCTCTACTGTTTCTCCATACCCGTTTTTTTGGATGGAGTGAAACGATGGCGATTGCAATTGGCC,70030,70190
13,rspAp,1655186,-,ACAAAAGGTATTCTATTTCATCTTTTGTCAACCATTCACAGCGCAAATATACGCCTTTTTTTGTGATCACTCCGGCTTTTTTCGATCTTTATACTTGTATGGTAGTAGCTCAGTTGCGTAGATTTCATGCATCACGACAAGCGATGCAAGGAATCGAACA,1655141,1655301
14,ilvCp,3957912,+,GGTTTTCAGATCGCGTAAATCCACAGGGACAGCCCTCGATGTTGACGTTGCAAAAATTGCAATGTGACGTTGTGAATATATCAATTTCCGCAATAAATTTCCTGTCATATAGTGAATTCAATCTCGCAAACGCGAACCGAACAATAAGAAGCACAACATC,3957797,3957957
15,rpsBp,189712,+,AATTTCGCCAAACGTGCCACTGAAGGTTTTCTATAATAGAAAATTCGACGTCTGATGCTGTACACAGCGCCAACAATTATTGGTGTCCACGACGTATTTGTGGTATAAAGCGCGCCGGACTTCCGATCCATTTCGTATACACAGACTGGACGGAAGCGAC,189597,189757
16,leuLp,83735,-,CTTTAACCACCGCAGCACAATTAGCTAATTTTACGGATGCAGAACTCACGCTGGCGGGACGTTTTTATTGCGTCAGGGTTGACATCCGTTTTTGTATCCAGTAACTCTAAAAGCATATCGCATTCATCTGGAGCTGATTTAATGACTCACATCGTTCGCT,83690,83850
17,ykgEp7,321511,+,GTCGATTTCCCCATAAAATGTGAGCGATGCCGAAAGAAATAAAATTAGTTATTGCATTTGACGTTTGGATGAAAGATTATCATTTGTCATACAAATGAGGGGTGGTATGTTGCTAGCCAATTAAAAAAGAACGCCATATTTATTGATGATTGATCCCCCG,321396,321556
18,metAp1,4214233,+,AACCATTTTCTCTCCTTTTAGTCATTCTTATATTCTAACGTAGTCTTTTCCTTGAAACTTTCTCACCTTCAACATGCAGGCTCGACATTGGCAAATTTTCTGGTTATCTTCAGCTATCTGGATGTCTAAACGTATAAGCGTATGTAGTGAGGTAATCAGG,4214118,4214278
19,tyrBp,4267082,+,AAAGGTCGTGCCTCTGGCGGATGTACGTTTGTCATGAGTCTCACTCTGTTGCTAATTGCCGTTCGCTCCTGAACATCCACTCGATCTTCGCCTTCTTCCGGTTTATTGTGTTTTAACCACCTGCCCGTAAACCTGGAGAACCATCGCGTGTTTCAAAAAG,4266967,4267127
20,alaCp,2498399,-,AATTTATTGAAATTATTATGTTAATAAAATGAGTGGTAATTTTCTTGTTAGCGCAGATAAATTTCCTGTTTTTAAAGCAGAGTTCCTCATTTAACGTCATTAATAAAATGTTCTAAAACGCTGGACAGACAGAAATTAATCAGGCTATTTTCAAAACAGC,2498354,2498514
21,argCp,4154885,+,CTCTTCCGTGGCGCTTATTGAAGGTGTGGCAATCAGAGCGCGGTAAATCTCGATAAATGGCGGTAATTTGTTTTTCATTGTTGACACACCTCTGGTCATGATAGTATCAATATTCATGCAGTATTTATGAATAAAAATACACTAACGTTGAGCGTAATAA,4154770,4154930
22,asnAp,3927129,+,TATGCGGATTGATGATTCATTCTATTTTAGCCTTCTTTTTTAATGAATCAAAAGTGAGTTAGGCTTTTTATTGAATGATTATTGCATGTGTGTCGGTTTTTGTTGCTTAATCATAAGCAACAGGACGCAGGAGTATAAAAAATGAAAACCGCTTACATTG,3927014,3927174
23,cysKp1,2532377,+,CAGGGGTGGCTTATGCCGCCCCTTATTCCATCTTGCATGTCATTATTTCCCTTCTGTATATAGATATGCTAAATCCTTACTTCCGCATATTCTCTGAGCGGGTATGCTACCTGTTGTATCCCAATTTCATACAGTTAAGGACAGGCCATGAGTAAGATTT,2532262,2532422
24,dapBp1,28343,+,TGCAGTCATTCATCGACTCATGCCTTTCACTGATATCCCTCCCTGTTTATCATTAATTTCTAATTATCAGCGTTTTTGGCTGGCGGCGTAGCGATGCGCTGGTTACTCTGAAAACGGTCTATGCAAATTAACAAAAGAGAATAGCTATGCATGATGCAAA,28228,28388
25,glyAp,2685574,-,GTTTCCGGTTGCAAGCTCTTTATTCTCCAAAGCCTTGCGTAGCCTGAAGGTAATCGTTTGCGTAAATTCCTTTGTCAAGACCTGTTATCGCACAATGATTCGGTTATACTGTTCGCCGTTGTCCAACAGGACCGCCTATAAAGGCCAAAAATTTTATTGT,2685529,2685689
26,iscRp,2662199,-,CCGACAACAGGTACAAACGCCACGATAAAAAAATGGCACTGAAGGTTAAATACCCGACTAAATCAGTCAAGTAAATAGTTGACCAATTTACTCGGGAATGTCAGACTTGACCCTGCTATGCAATACCCCCACTTTTACAATAAAAAACCCCGGGCAGGGG,2662154,2662314
27,serCp,957595,+,ATAATCCGAGAGATTCTTTTGTGTGATGCAAGCCACATTTTTGCCCTCAACGGTTTTACTCATTGCGATGTGTGTCACTGAATGATAAAACCGATAGCCACAGGAATAATGTATTACCTGTGGTCGCAATCGATTGACCGCGGGTTAATAGCAACGCAAC,957480,957640
28,trpLp,1323108,-,CAAGGCGCACTCCCGTTCTGGATAATGTTTTTTGCGCCGACATCATAACGGTTCTGGCAAATATTCTGAAATGAGCTGTTGACAATTAATCATCGAACTAGTTAACTAGTACGCAAGTTCACGTAAAAAGGGTATCGACAATGAAAGCAATTTTCGTACT,1323063,1323223
